Workbook

Sheet Duke Rankings (no proof)
A1: che | B1: Ion ID | C1: Overall Index | D1: Duke 1 | E1: Duke 2 | F1: Duke 3 | G1: Duke 4 | H1: Proof
A2: =ROW()-1 -> 1 | B2: 2026rwang | C2: =0.35*LARGE(D2:G2,1)+0.35*LARGE(D2:G2,2)+0.2*LARGE(D2:G2,3) -> 4155.1111 | D2: =IFERROR(VLOOKUP(B2, 'Duke 1'!A$3:$B$85,2, 0), 0) -> 3157.8947 | E2: =IFERROR(VLOOKUP(B2, 'Duke 2'!A$3:$B$522,2, 0), 0) -> 6000 | F2: =IFERROR(VLOOKUP(B2, 'Duke 3'!A$3:$B1000,2, 0), 0) -> 3555.5556 | G2: =IFERROR(VLOOKUP(B2, 'Duke 4'!A$3:$B1000,2, 0), 0) -> 3840 | H2: 4341
A3: =ROW()-1 -> 2 | B3: 2028syan | C3: =0.35*LARGE(D3:G3,1)+0.35*LARGE(D3:G3,2)+0.2*LARGE(D3:G3,3) -> 2353.8713 | D3: =IFERROR(VLOOKUP(B3, 'Duke 1'!A$3:$B$85,2, 0), 0) -> 3789.4737 | E3: =IFERROR(VLOOKUP(B3, 'Duke 2'!A$3:$B$522,2, 0), 0) -> 1500 | F3: =IFERROR(VLOOKUP(B3, 'Duke 3'!A$3:$B1000,2, 0), 0) -> 1777.7778 | G3: =IFERROR(VLOOKUP(B3, 'Duke 4'!A$3:$B1000,2, 0), 0) -> 1920 | H3: =IFERROR(VLOOKUP(B3, Proof!A$2:$B1000,2, 0), 0) -> 2472.7273
A4: =ROW()-1 -> 3 | B4: 2026mzhao | C4: =0.35*LARGE(D4:G4,1)+0.35*LARGE(D4:G4,2)+0.2*LARGE(D4:G4,3) -> 2266.2222 | D4: =IFERROR(VLOOKUP(B4, 'Duke 1'!A$3:$B$85,2, 0), 0) -> 1263.1579 | E4: =IFERROR(VLOOKUP(B4, 'Duke 2'!A$3:$B$522,2, 0), 0) -> 1500 | F4: =IFERROR(VLOOKUP(B4, 'Duke 3'!A$3:$B1000,2, 0), 0) -> 1777.7778 | G4: =IFERROR(VLOOKUP(B4, 'Duke 4'!A$3:$B1000,2, 0), 0) -> 3840 | H4: =IFERROR(VLOOKUP(B4, Proof!A$2:$B1000,2, 0), 0) -> 0
A5: =ROW()-1 -> 4 | B5: 2027pdu | C5: =0.35*LARGE(D5:G5,1)+0.35*LARGE(D5:G5,2)+0.2*LARGE(D5:G5,3) -> 2132.8187 | D5: =IFERROR(VLOOKUP(B5, 'Duke 1'!A$3:$B$85,2, 0), 0) -> 3157.8947 | E5: =IFERROR(VLOOKUP(B5, 'Duke 2'!A$3:$B$522,2, 0), 0) -> 1500 | F5: =IFERROR(VLOOKUP(B5, 'Duke 3'!A$3:$B1000,2, 0), 0) -> 1777.7778 | G5: =IFERROR(VLOOKUP(B5, 'Duke 4'!A$3:$B1000,2, 0), 0) -> 1920 | H5: =IFERROR(VLOOKUP(B5, Proof!A$2:$B1000,2, 0), 0) -> 1309.0909
A6: =ROW()-1 -> 5 | B6: 2027smahmud | C6: =0.35*LARGE(D6:G6,1)+0.35*LARGE(D6:G6,2)+0.2*LARGE(D6:G6,3) -> 1905.3333 | D6: =IFERROR(VLOOKUP(B6, 'Duke 1'!A$3:$B$85,2, 0), 0) -> 0 | E6: =IFERROR(VLOOKUP(B6, 'Duke 2'!A$3:$B$522,2, 0), 0) -> 1500 | F6: =IFERROR(VLOOKUP(B6, 'Duke 3'!A$3:$B1000,2, 0), 0) -> 2666.6667 | G6: =IFERROR(VLOOKUP(B6, 'Duke 4'!A$3:$B1000,2, 0), 0) -> 1920
A7: =ROW()-1 -> 6 | B7: 2026jma | C7: =0.35*LARGE(D7:G7,1)+0.35*LARGE(D7:G7,2)+0.2*LARGE(D7:G7,3) -> 1806.4327 | D7: =IFERROR(VLOOKUP(B7, 'Duke 1'!A$3:$B$85,2, 0), 0) -> 2526.3158 | E7: =IFERROR(VLOOKUP(B7, 'Duke 2'!A$3:$B$522,2, 0), 0) -> 1500 | F7: =IFERROR(VLOOKUP(B7, 'Duke 3'!A$3:$B1000,2, 0), 0) -> 1777.7778 | G7: =IFERROR(VLOOKUP(B7, 'Duke 4'!A$3:$B1000,2, 0), 0) -> 960 | H7: =IFERROR(VLOOKUP(B7, Proof!A$2:$B1000,2, 0), 0) -> 2036.3636
A8: =ROW()-1 -> 7 | B8: 2028szhang | C8: =0.35*LARGE(D8:G8,1)+0.35*LARGE(D8:G8,2)+0.2*LARGE(D8:G8,3) -> 1710.7778 | D8: =IFERROR(VLOOKUP(B8, 'Duke 1'!A$3:$B$85,2, 0), 0) -> 631.57895 | E8: =IFERROR(VLOOKUP(B8, 'Duke 2'!A$3:$B$522,2, 0), 0) -> 1500 | F8: =IFERROR(VLOOKUP(B8, 'Duke 3'!A$3:$B1000,2, 0), 0) -> 888.88889 | G8: =IFERROR(VLOOKUP(B8, 'Duke 4'!A$3:$B1000,2, 0), 0) -> 2880 | H8: =IFERROR(VLOOKUP(B8, Proof!A$2:$B1000,2, 0), 0) -> 1018.1818
A9: =ROW()-1 -> 8 | B9: 2027esombhat | C9: =0.35*LARGE(D9:G9,1)+0.35*LARGE(D9:G9,2)+0.2*LARGE(D9:G9,3) -> 1601.2105 | D9: =IFERROR(VLOOKUP(B9, 'Duke 1'!A$3:$B$85,2, 0), 0) -> 2526.3158 | E9: =IFERROR(VLOOKUP(B9, 'Duke 2'!A$3:$B$522,2, 0), 0) -> 1500 | F9: =IFERROR(VLOOKUP(B9, 'Duke 3'!A$3:$B1000,2, 0), 0) -> 888.88889 | G9: =IFERROR(VLOOKUP(B9, 'Duke 4'!A$3:$B1000,2, 0), 0) -> 960 | H9: =IFERROR(VLOOKUP(B9, Proof!A$2:$B1000,2, 0), 0) -> 1890.9091
A10: =ROW()-1 -> 9 | B10: 2028mlin | C10: =0.35*LARGE(D10:G10,1)+0.35*LARGE(D10:G10,2)+0.2*LARGE(D10:G10,3) -> 1594.2222 | D10: =IFERROR(VLOOKUP(B10, 'Duke 1'!A$3:$B$85,2, 0), 0) -> 0 | E10: =IFERROR(VLOOKUP(B10, 'Duke 2'!A$3:$B$522,2, 0), 0) -> 1500 | F10: =IFERROR(VLOOKUP(B10, 'Duke 3'!A$3:$B1000,2, 0), 0) -> 1777.7778 | G10: =IFERROR(VLOOKUP(B10, 'Duke 4'!A$3:$B1000,2, 0), 0) -> 1920
A11: =ROW()-1 -> 10 | B11: 2027vcao | C11: =0.35*LARGE(D11:G11,1)+0.35*LARGE(D11:G11,2)+0.2*LARGE(D11:G11,3) -> 1477.3801 | D11: =IFERROR(VLOOKUP(B11, 'Duke 1'!A$3:$B$85,2, 0), 0) -> 1894.7368 | E11: =IFERROR(VLOOKUP(B11, 'Duke 2'!A$3:$B$522,2, 0), 0) -> 0 | F11: =IFERROR(VLOOKUP(B11, 'Duke 3'!A$3:$B1000,2, 0), 0) -> 1777.7778 | G11: =IFERROR(VLOOKUP(B11, 'Duke 4'!A$3:$B1000,2, 0), 0) -> 960
A12: =ROW()-1 -> 11 | B12: 2027ahao | C12: =0.35*LARGE(D12:G12,1)+0.35*LARGE(D12:G12,2)+0.2*LARGE(D12:G12,3) -> 1399.8538 | D12: =IFERROR(VLOOKUP(B12, 'Duke 1'!A$3:$B$85,2, 0), 0) -> 1263.1579 | E12: =IFERROR(VLOOKUP(B12, 'Duke 2'!A$3:$B$522,2, 0), 0) -> 1500 | F12: =IFERROR(VLOOKUP(B12, 'Duke 3'!A$3:$B1000,2, 0), 0) -> 1777.7778 | G12: =IFERROR(VLOOKUP(B12, 'Duke 4'!A$3:$B1000,2, 0), 0) -> 960 | H12: =IFERROR(VLOOKUP(B12, Proof!A$2:$B1000,2, 0), 0) -> 1745.4545
A13: =ROW()-1 -> 12 | B13: 2027itennyso | C13: =0.35*LARGE(D13:G13,1)+0.35*LARGE(D13:G13,2)+0.2*LARGE(D13:G13,3) -> 1399.8538 | D13: =IFERROR(VLOOKUP(B13, 'Duke 1'!A$3:$B$85,2, 0), 0) -> 1263.1579 | E13: =IFERROR(VLOOKUP(B13, 'Duke 2'!A$3:$B$522,2, 0), 0) -> 1500 | F13: =IFERROR(VLOOKUP(B13, 'Duke 3'!A$3:$B1000,2, 0), 0) -> 1777.7778 | G13: =IFERROR(VLOOKUP(B13, 'Duke 4'!A$3:$B1000,2, 0), 0) -> 960
A14: =ROW()-1 -> 13 | B14: 2029adu | C14: =0.35*LARGE(D14:G14,1)+0.35*LARGE(D14:G14,2)+0.2*LARGE(D14:G14,3) -> 1339.2222 | D14: =IFERROR(VLOOKUP(B14, 'Duke 1'!A$3:$B$85,2, 0), 0) -> 631.57895 | E14: =IFERROR(VLOOKUP(B14, 'Duke 2'!A$3:$B$522,2, 0), 0) -> 1500 | F14: =IFERROR(VLOOKUP(B14, 'Duke 3'!A$3:$B1000,2, 0), 0) -> 1777.7778 | G14: =IFERROR(VLOOKUP(B14, 'Duke 4'!A$3:$B1000,2, 0), 0) -> 960 | H14: =IFERROR(VLOOKUP(B14, Proof!A$2:$B1000,2, 0), 0) -> 145.45455
A15: =ROW()-1 -> 14 | B15: 2026rsingh2 | C15: =0.35*LARGE(D15:G15,1)+0.35*LARGE(D15:G15,2)+0.2*LARGE(D15:G15,3) -> 1339.2222 | D15: =IFERROR(VLOOKUP(B15, 'Duke 1'!A$3:$B$85,2, 0), 0) -> 0 | E15: =IFERROR(VLOOKUP(B15, 'Duke 2'!A$3:$B$522,2, 0), 0) -> 1500 | F15: =IFERROR(VLOOKUP(B15, 'Duke 3'!A$3:$B1000,2, 0), 0) -> 1777.7778 | G15: =IFERROR(VLOOKUP(B15, 'Duke 4'!A$3:$B1000,2, 0), 0) -> 960
A16: =ROW()-1 -> 15 | B16: 2029jdu | C16: =0.35*LARGE(D16:G16,1)+0.35*LARGE(D16:G16,2)+0.2*LARGE(D16:G16,3) -> 1339.2222 | D16: =IFERROR(VLOOKUP(B16, 'Duke 1'!A$3:$B$85,2, 0), 0) -> 0 | E16: =IFERROR(VLOOKUP(B16, 'Duke 2'!A$3:$B$522,2, 0), 0) -> 1500 | F16: =IFERROR(VLOOKUP(B16, 'Duke 3'!A$3:$B1000,2, 0), 0) -> 1777.7778 | G16: =IFERROR(VLOOKUP(B16, 'Duke 4'!A$3:$B1000,2, 0), 0) -> 960
A17: =ROW()-1 -> 16 | B17: 2027achu | C17: =0.35*LARGE(D17:G17,1)+0.35*LARGE(D17:G17,2)+0.2*LARGE(D17:G17,3) -> 1323.3158 | D17: =IFERROR(VLOOKUP(B17, 'Duke 1'!A$3:$B$85,2, 0), 0) -> 631.57895 | E17: =IFERROR(VLOOKUP(B17, 'Duke 2'!A$3:$B$522,2, 0), 0) -> 1500 | F17: =IFERROR(VLOOKUP(B17, 'Duke 3'!A$3:$B1000,2, 0), 0) -> 0 | G17: =IFERROR(VLOOKUP(B17, 'Duke 4'!A$3:$B1000,2, 0), 0) -> 1920 | H17: =IFERROR(VLOOKUP(B17, Proof!A$2:$B1000,2, 0), 0) -> 1163.6364
A18: =ROW()-1 -> 17 | B18: 2027eguo | C18: =0.35*LARGE(D18:G18,1)+0.35*LARGE(D18:G18,2)+0.2*LARGE(D18:G18,3) -> 1273.538 | D18: =IFERROR(VLOOKUP(B18, 'Duke 1'!A$3:$B$85,2, 0), 0) -> 631.57895 | E18: =IFERROR(VLOOKUP(B18, 'Duke 2'!A$3:$B$522,2, 0), 0) -> 1500 | F18: =IFERROR(VLOOKUP(B18, 'Duke 3'!A$3:$B1000,2, 0), 0) -> 1777.7778 | G18: =IFERROR(VLOOKUP(B18, 'Duke 4'!A$3:$B1000,2, 0), 0) -> 0 | H18: =IFERROR(VLOOKUP(B18, Proof!A$2:$B1000,2, 0), 0) -> 1890.9091
A19: =ROW()-1 -> 18 | B19: 2029nmaloney | C19: =0.35*LARGE(D19:G19,1)+0.35*LARGE(D19:G19,2)+0.2*LARGE(D19:G19,3) -> 1271.0526 | D19: =IFERROR(VLOOKUP(B19, 'Duke 1'!A$3:$B$85,2, 0), 0) -> 631.57895 | E19: =IFERROR(VLOOKUP(B19, 'Duke 2'!A$3:$B$522,2, 0), 0) -> 3000 | F19: =IFERROR(VLOOKUP(B19, 'Duke 3'!A$3:$B1000,2, 0), 0) -> 0 | G19: =IFERROR(VLOOKUP(B19, 'Duke 4'!A$3:$B1000,2, 0), 0) -> 0 | H19: =IFERROR(VLOOKUP(B19, Proof!A$2:$B1000,2, 0), 0) -> 0
A20: =ROW()-1 -> 19 | B20: 2029sbi | C20: =0.35*LARGE(D20:G20,1)+0.35*LARGE(D20:G20,2)+0.2*LARGE(D20:G20,3) -> 1159.1053 | D20: =IFERROR(VLOOKUP(B20, 'Duke 1'!A$3:$B$85,2, 0), 0) -> 1263.1579 | E20: =IFERROR(VLOOKUP(B20, 'Duke 2'!A$3:$B$522,2, 0), 0) -> 1500 | F20: =IFERROR(VLOOKUP(B20, 'Duke 3'!A$3:$B1000,2, 0), 0) -> 888.88889 | G20: =IFERROR(VLOOKUP(B20, 'Duke 4'!A$3:$B1000,2, 0), 0) -> 960 | H20: =IFERROR(VLOOKUP(B20, Proof!A$2:$B1000,2, 0), 0) -> 0
A21: =ROW()-1 -> 20 | B21: 2028ktabakov | C21: =0.35*LARGE(D21:G21,1)+0.35*LARGE(D21:G21,2)+0.2*LARGE(D21:G21,3) -> 1147.2222 | D21: =IFERROR(VLOOKUP(B21, 'Duke 1'!A$3:$B$85,2, 0), 0) -> 0 | E21: =IFERROR(VLOOKUP(B21, 'Duke 2'!A$3:$B$522,2, 0), 0) -> 1500 | F21: =IFERROR(VLOOKUP(B21, 'Duke 3'!A$3:$B1000,2, 0), 0) -> 1777.7778 | G21: =IFERROR(VLOOKUP(B21, 'Duke 4'!A$3:$B1000,2, 0), 0) -> 0
A22: =ROW()-1 -> 21 | B22: 2027eshan | C22: =0.35*LARGE(D22:G22,1)+0.35*LARGE(D22:G22,2)+0.2*LARGE(D22:G22,3) -> 1144.883 | D22: =IFERROR(VLOOKUP(B22, 'Duke 1'!A$3:$B$85,2, 0), 0) -> 1263.1579 | E22: =IFERROR(VLOOKUP(B22, 'Duke 2'!A$3:$B$522,2, 0), 0) -> 1500 | F22: =IFERROR(VLOOKUP(B22, 'Duke 3'!A$3:$B1000,2, 0), 0) -> 888.88889 | G22: =IFERROR(VLOOKUP(B22, 'Duke 4'!A$3:$B1000,2, 0), 0) -> 0 | H22: =IFERROR(VLOOKUP(B22, Proof!A$2:$B1000,2, 0), 0) -> 1745.4545
A23: =ROW()-1 -> 22 | B23: 2026owu | C23: =0.35*LARGE(D23:G23,1)+0.35*LARGE(D23:G23,2)+0.2*LARGE(D23:G23,3) -> 1038.7778 | D23: =IFERROR(VLOOKUP(B23, 'Duke 1'!A$3:$B$85,2, 0), 0) -> 631.57895 | E23: =IFERROR(VLOOKUP(B23, 'Duke 2'!A$3:$B$522,2, 0), 0) -> 1500 | F23: =IFERROR(VLOOKUP(B23, 'Duke 3'!A$3:$B1000,2, 0), 0) -> 888.88889 | G23: =IFERROR(VLOOKUP(B23, 'Duke 4'!A$3:$B1000,2, 0), 0) -> 960 | H23: =IFERROR(VLOOKUP(B23, Proof!A$2:$B1000,2, 0), 0) -> 1018.1818
A24: =ROW()-1 -> 23 | B24: 2027mbu | C24: =0.35*LARGE(D24:G24,1)+0.35*LARGE(D24:G24,2)+0.2*LARGE(D24:G24,3) -> 1038.7778 | D24: =IFERROR(VLOOKUP(B24, 'Duke 1'!A$3:$B$85,2, 0), 0) -> 631.57895 | E24: =IFERROR(VLOOKUP(B24, 'Duke 2'!A$3:$B$522,2, 0), 0) -> 1500 | F24: =IFERROR(VLOOKUP(B24, 'Duke 3'!A$3:$B1000,2, 0), 0) -> 888.88889 | G24: =IFERROR(VLOOKUP(B24, 'Duke 4'!A$3:$B1000,2, 0), 0) -> 960
A25: =ROW()-1 -> 24 | B25: 2029wli | C25: =0.35*LARGE(D25:G25,1)+0.35*LARGE(D25:G25,2)+0.2*LARGE(D25:G25,3) -> 1038.7778 | D25: =IFERROR(VLOOKUP(B25, 'Duke 1'!A$3:$B$85,2, 0), 0) -> 631.57895 | E25: =IFERROR(VLOOKUP(B25, 'Duke 2'!A$3:$B$522,2, 0), 0) -> 1500 | F25: =IFERROR(VLOOKUP(B25, 'Duke 3'!A$3:$B1000,2, 0), 0) -> 888.88889 | G25: =IFERROR(VLOOKUP(B25, 'Duke 4'!A$3:$B1000,2, 0), 0) -> 960
A26: =ROW()-1 -> 25 | B26: 2028yli | C26: =0.35*LARGE(D26:G26,1)+0.35*LARGE(D26:G26,2)+0.2*LARGE(D26:G26,3) -> 1038.7778 | D26: =IFERROR(VLOOKUP(B26, 'Duke 1'!A$3:$B$85,2, 0), 0) -> 631.57895 | E26: =IFERROR(VLOOKUP(B26, 'Duke 2'!A$3:$B$522,2, 0), 0) -> 1500 | F26: =IFERROR(VLOOKUP(B26, 'Duke 3'!A$3:$B1000,2, 0), 0) -> 888.88889 | G26: =IFERROR(VLOOKUP(B26, 'Duke 4'!A$3:$B1000,2, 0), 0) -> 960 | H26: =IFERROR(VLOOKUP(B26, Proof!A$2:$B1000,2, 0), 0) -> 1163.6364
A27: =ROW()-1 -> 26 | B27: 2026cmorimot | C27: =0.35*LARGE(D27:G27,1)+0.35*LARGE(D27:G27,2)+0.2*LARGE(D27:G27,3) -> 1038.7778 | D27: =IFERROR(VLOOKUP(B27, 'Duke 1'!A$3:$B$85,2, 0), 0) -> 0 | E27: =IFERROR(VLOOKUP(B27, 'Duke 2'!A$3:$B$522,2, 0), 0) -> 1500 | F27: =IFERROR(VLOOKUP(B27, 'Duke 3'!A$3:$B1000,2, 0), 0) -> 888.88889 | G27: =IFERROR(VLOOKUP(B27, 'Duke 4'!A$3:$B1000,2, 0), 0) -> 960
A28: =ROW()-1 -> 27 | B28: 2028gkeeler | C28: =0.35*LARGE(D28:G28,1)+0.35*LARGE(D28:G28,2)+0.2*LARGE(D28:G28,3) -> 1038.7778 | D28: =IFERROR(VLOOKUP(B28, 'Duke 1'!A$3:$B$85,2, 0), 0) -> 0 | E28: =IFERROR(VLOOKUP(B28, 'Duke 2'!A$3:$B$522,2, 0), 0) -> 1500 | F28: =IFERROR(VLOOKUP(B28, 'Duke 3'!A$3:$B1000,2, 0), 0) -> 888.88889 | G28: =IFERROR(VLOOKUP(B28, 'Duke 4'!A$3:$B1000,2, 0), 0) -> 960
A29: =ROW()-1 -> 28 | B29: 2029gbatkhuu | C29: =0.35*LARGE(D29:G29,1)+0.35*LARGE(D29:G29,2)+0.2*LARGE(D29:G29,3) -> 1038.7778 | D29: =IFERROR(VLOOKUP(B29, 'Duke 1'!A$3:$B$85,2, 0), 0) -> 0 | E29: =IFERROR(VLOOKUP(B29, 'Duke 2'!A$3:$B$522,2, 0), 0) -> 1500 | F29: =IFERROR(VLOOKUP(B29, 'Duke 3'!A$3:$B1000,2, 0), 0) -> 888.88889 | G29: =IFERROR(VLOOKUP(B29, 'Duke 4'!A$3:$B1000,2, 0), 0) -> 960
A30: =ROW()-1 -> 29 | B30: 2027achakrav | C30: =0.35*LARGE(D30:G30,1)+0.35*LARGE(D30:G30,2)+0.2*LARGE(D30:G30,3) -> 1038.7778 | D30: =IFERROR(VLOOKUP(B30, 'Duke 1'!A$3:$B$85,2, 0), 0) -> 631.57895 | E30: =IFERROR(VLOOKUP(B30, 'Duke 2'!A$3:$B$522,2, 0), 0) -> 1500 | F30: =IFERROR(VLOOKUP(B30, 'Duke 3'!A$3:$B1000,2, 0), 0) -> 888.88889 | G30: =IFERROR(VLOOKUP(B30, 'Duke 4'!A$3:$B1000,2, 0), 0) -> 960
A31: =ROW()-1 -> 30 | B31: 2027eqiu | C31: =0.35*LARGE(D31:G31,1)+0.35*LARGE(D31:G31,2)+0.2*LARGE(D31:G31,3) -> 1038.7778 | D31: =IFERROR(VLOOKUP(B31, 'Duke 1'!A$3:$B$85,2, 0), 0) -> 631.57895 | E31: =IFERROR(VLOOKUP(B31, 'Duke 2'!A$3:$B$522,2, 0), 0) -> 1500 | F31: =IFERROR(VLOOKUP(B31, 'Duke 3'!A$3:$B1000,2, 0), 0) -> 888.88889 | G31: =IFERROR(VLOOKUP(B31, 'Duke 4'!A$3:$B1000,2, 0), 0) -> 960
A32: =ROW()-1 -> 31 | B32: 2027nliang | C32: =0.35*LARGE(D32:G32,1)+0.35*LARGE(D32:G32,2)+0.2*LARGE(D32:G32,3) -> 987.31579 | D32: =IFERROR(VLOOKUP(B32, 'Duke 1'!A$3:$B$85,2, 0), 0) -> 631.57895 | E32: =IFERROR(VLOOKUP(B32, 'Duke 2'!A$3:$B$522,2, 0), 0) -> 1500 | F32: =IFERROR(VLOOKUP(B32, 'Duke 3'!A$3:$B1000,2, 0), 0) -> 0 | G32: =IFERROR(VLOOKUP(B32, 'Duke 4'!A$3:$B1000,2, 0), 0) -> 960 | H32: =IFERROR(VLOOKUP(B32, Proof!A$2:$B1000,2, 0), 0) -> 0
A33: =ROW()-1 -> 32 | B33: 2027sbisht | C33: =0.35*LARGE(D33:G33,1)+0.35*LARGE(D33:G33,2)+0.2*LARGE(D33:G33,3) -> 987.31579 | D33: =IFERROR(VLOOKUP(B33, 'Duke 1'!A$3:$B$85,2, 0), 0) -> 631.57895 | E33: =IFERROR(VLOOKUP(B33, 'Duke 2'!A$3:$B$522,2, 0), 0) -> 1500 | F33: =IFERROR(VLOOKUP(B33, 'Duke 3'!A$3:$B1000,2, 0), 0) -> 0 | G33: =IFERROR(VLOOKUP(B33, 'Duke 4'!A$3:$B1000,2, 0), 0) -> 960 | H33: =IFERROR(VLOOKUP(B33, Proof!A$2:$B1000,2, 0), 0) -> 0
A34: =ROW()-1 -> 33 | B34: 2028athota | C34: =0.35*LARGE(D34:G34,1)+0.35*LARGE(D34:G34,2)+0.2*LARGE(D34:G34,3) -> 962.4269 | D34: =IFERROR(VLOOKUP(B34, 'Duke 1'!A$3:$B$85,2, 0), 0) -> 631.57895 | E34: =IFERROR(VLOOKUP(B34, 'Duke 2'!A$3:$B$522,2, 0), 0) -> 1500 | F34: =IFERROR(VLOOKUP(B34, 'Duke 3'!A$3:$B1000,2, 0), 0) -> 888.88889 | G34: =IFERROR(VLOOKUP(B34, 'Duke 4'!A$3:$B1000,2, 0), 0) -> 0 | H34: =IFERROR(VLOOKUP(B34, Proof!A$2:$B1000,2, 0), 0) -> 145.45455
A35: =ROW()-1 -> 34 | B35: 2028dhe | C35: =0.35*LARGE(D35:G35,1)+0.35*LARGE(D35:G35,2)+0.2*LARGE(D35:G35,3) -> 861 | D35: =IFERROR(VLOOKUP(B35, 'Duke 1'!A$3:$B$85,2, 0), 0) -> 0 | E35: =IFERROR(VLOOKUP(B35, 'Duke 2'!A$3:$B$522,2, 0), 0) -> 1500 | F35: =IFERROR(VLOOKUP(B35, 'Duke 3'!A$3:$B1000,2, 0), 0) -> 0 | G35: =IFERROR(VLOOKUP(B35, 'Duke 4'!A$3:$B1000,2, 0), 0) -> 960
A36: =ROW()-1 -> 35 | B36: 2028rzhao | C36: =0.35*LARGE(D36:G36,1)+0.35*LARGE(D36:G36,2)+0.2*LARGE(D36:G36,3) -> 861 | D36: =IFERROR(VLOOKUP(B36, 'Duke 1'!A$3:$B$85,2, 0), 0) -> 0 | E36: =IFERROR(VLOOKUP(B36, 'Duke 2'!A$3:$B$522,2, 0), 0) -> 1500 | F36: =IFERROR(VLOOKUP(B36, 'Duke 3'!A$3:$B1000,2, 0), 0) -> 0 | G36: =IFERROR(VLOOKUP(B36, 'Duke 4'!A$3:$B1000,2, 0), 0) -> 960
A37: =ROW()-1 -> 36 | B37: 2028dvladimi | C37: =0.35*LARGE(D37:G37,1)+0.35*LARGE(D37:G37,2)+0.2*LARGE(D37:G37,3) -> 861 | D37: =IFERROR(VLOOKUP(B37, 'Duke 1'!A$3:$B$85,2, 0), 0) -> 0 | E37: =IFERROR(VLOOKUP(B37, 'Duke 2'!A$3:$B$522,2, 0), 0) -> 1500 | F37: =IFERROR(VLOOKUP(B37, 'Duke 3'!A$3:$B1000,2, 0), 0) -> 0 | G37: =IFERROR(VLOOKUP(B37, 'Duke 4'!A$3:$B1000,2, 0), 0) -> 960
A38: =ROW()-1 -> 37 | B38: 2028sari | C38: =0.35*LARGE(D38:G38,1)+0.35*LARGE(D38:G38,2)+0.2*LARGE(D38:G38,3) -> 861 | D38: =IFERROR(VLOOKUP(B38, 'Duke 1'!A$3:$B$85,2, 0), 0) -> 0 | E38: =IFERROR(VLOOKUP(B38, 'Duke 2'!A$3:$B$522,2, 0), 0) -> 1500 | F38: =IFERROR(VLOOKUP(B38, 'Duke 3'!A$3:$B1000,2, 0), 0) -> 0 | G38: =IFERROR(VLOOKUP(B38, 'Duke 4'!A$3:$B1000,2, 0), 0) -> 960
A39: =ROW()-1 -> 38 | B39: 2029mkim1 | C39: =0.35*LARGE(D39:G39,1)+0.35*LARGE(D39:G39,2)+0.2*LARGE(D39:G39,3) -> 861 | D39: =IFERROR(VLOOKUP(B39, 'Duke 1'!A$3:$B$85,2, 0), 0) -> 0 | E39: =IFERROR(VLOOKUP(B39, 'Duke 2'!A$3:$B$522,2, 0), 0) -> 1500 | F39: =IFERROR(VLOOKUP(B39, 'Duke 3'!A$3:$B1000,2, 0), 0) -> 0 | G39: =IFERROR(VLOOKUP(B39, 'Duke 4'!A$3:$B1000,2, 0), 0) -> 960
A40: =ROW()-1 -> 39 | B40: 2029yahn | C40: =0.35*LARGE(D40:G40,1)+0.35*LARGE(D40:G40,2)+0.2*LARGE(D40:G40,3) -> 861 | D40: =IFERROR(VLOOKUP(B40, 'Duke 1'!A$3:$B$85,2, 0), 0) -> 0 | E40: =IFERROR(VLOOKUP(B40, 'Duke 2'!A$3:$B$522,2, 0), 0) -> 1500 | F40: =IFERROR(VLOOKUP(B40, 'Duke 3'!A$3:$B1000,2, 0), 0) -> 0 | G40: =IFERROR(VLOOKUP(B40, 'Duke 4'!A$3:$B1000,2, 0), 0) -> 960
A41: =ROW()-1 -> 40 | B41: 2029amahapat | C41: =0.35*LARGE(D41:G41,1)+0.35*LARGE(D41:G41,2)+0.2*LARGE(D41:G41,3) -> 861 | D41: =IFERROR(VLOOKUP(B41, 'Duke 1'!A$3:$B$85,2, 0), 0) -> 0 | E41: =IFERROR(VLOOKUP(B41, 'Duke 2'!A$3:$B$522,2, 0), 0) -> 1500 | F41: =IFERROR(VLOOKUP(B41, 'Duke 3'!A$3:$B1000,2, 0), 0) -> 0 | G41: =IFERROR(VLOOKUP(B41, 'Duke 4'!A$3:$B1000,2, 0), 0) -> 960
A42: =ROW()-1 -> 41 | B42: 2029achennad | C42: =0.35*LARGE(D42:G42,1)+0.35*LARGE(D42:G42,2)+0.2*LARGE(D42:G42,3) -> 861 | D42: =IFERROR(VLOOKUP(B42, 'Duke 1'!A$3:$B$85,2, 0), 0) -> 0 | E42: =IFERROR(VLOOKUP(B42, 'Duke 2'!A$3:$B$522,2, 0), 0) -> 1500 | F42: =IFERROR(VLOOKUP(B42, 'Duke 3'!A$3:$B1000,2, 0), 0) -> 0 | G42: =IFERROR(VLOOKUP(B42, 'Duke 4'!A$3:$B1000,2, 0), 0) -> 960 | H42: =IFERROR(VLOOKUP(B42, Proof!A$2:$B1000,2, 0), 0) -> 145.45455
A43: =ROW()-1 -> 42 | B43: 2028cwang | C43: =0.35*LARGE(D43:G43,1)+0.35*LARGE(D43:G43,2)+0.2*LARGE(D43:G43,3) -> 836.11111 | D43: =IFERROR(VLOOKUP(B43, 'Duke 1'!A$3:$B$85,2, 0), 0) -> 0 | E43: =IFERROR(VLOOKUP(B43, 'Duke 2'!A$3:$B$522,2, 0), 0) -> 1500 | F43: =IFERROR(VLOOKUP(B43, 'Duke 3'!A$3:$B1000,2, 0), 0) -> 888.88889 | G43: =IFERROR(VLOOKUP(B43, 'Duke 4'!A$3:$B1000,2, 0), 0) -> 0
A44: =ROW()-1 -> 43 | B44: 2029snandaku | C44: =0.35*LARGE(D44:G44,1)+0.35*LARGE(D44:G44,2)+0.2*LARGE(D44:G44,3) -> 836.11111 | D44: =IFERROR(VLOOKUP(B44, 'Duke 1'!A$3:$B$85,2, 0), 0) -> 0 | E44: =IFERROR(VLOOKUP(B44, 'Duke 2'!A$3:$B$522,2, 0), 0) -> 1500 | F44: =IFERROR(VLOOKUP(B44, 'Duke 3'!A$3:$B1000,2, 0), 0) -> 888.88889 | G44: =IFERROR(VLOOKUP(B44, 'Duke 4'!A$3:$B1000,2, 0), 0) -> 0
A45: =ROW()-1 -> 44 | B45: 2029lkim | C45: =0.35*LARGE(D45:G45,1)+0.35*LARGE(D45:G45,2)+0.2*LARGE(D45:G45,3) -> 836.11111 | D45: =IFERROR(VLOOKUP(B45, 'Duke 1'!A$3:$B$85,2, 0), 0) -> 0 | E45: =IFERROR(VLOOKUP(B45, 'Duke 2'!A$3:$B$522,2, 0), 0) -> 1500 | F45: =IFERROR(VLOOKUP(B45, 'Duke 3'!A$3:$B1000,2, 0), 0) -> 888.88889 | G45: =IFERROR(VLOOKUP(B45, 'Duke 4'!A$3:$B1000,2, 0), 0) -> 0
A46: =ROW()-1 -> 45 | B46: 2029bwang | C46: =0.35*LARGE(D46:G46,1)+0.35*LARGE(D46:G46,2)+0.2*LARGE(D46:G46,3) -> 836.11111 | D46: =IFERROR(VLOOKUP(B46, 'Duke 1'!A$3:$B$85,2, 0), 0) -> 0 | E46: =IFERROR(VLOOKUP(B46, 'Duke 2'!A$3:$B$522,2, 0), 0) -> 1500 | F46: =IFERROR(VLOOKUP(B46, 'Duke 3'!A$3:$B1000,2, 0), 0) -> 888.88889 | G46: =IFERROR(VLOOKUP(B46, 'Duke 4'!A$3:$B1000,2, 0), 0) -> 0 | H46: =IFERROR(VLOOKUP(B46, Proof!A$2:$B1000,2, 0), 0) -> 145.45455
A47: =ROW()-1 -> 46 | B47: 2029lzhao | C47: =0.35*LARGE(D47:G47,1)+0.35*LARGE(D47:G47,2)+0.2*LARGE(D47:G47,3) -> 836.11111 | D47: =IFERROR(VLOOKUP(B47, 'Duke 1'!A$3:$B$85,2, 0), 0) -> 0 | E47: =IFERROR(VLOOKUP(B47, 'Duke 2'!A$3:$B$522,2, 0), 0) -> 1500 | F47: =IFERROR(VLOOKUP(B47, 'Duke 3'!A$3:$B1000,2, 0), 0) -> 888.88889 | G47: =IFERROR(VLOOKUP(B47, 'Duke 4'!A$3:$B1000,2, 0), 0) -> 0
A48: =ROW()-1 -> 47 | B48: 2029gxie | C48: =0.35*LARGE(D48:G48,1)+0.35*LARGE(D48:G48,2)+0.2*LARGE(D48:G48,3) -> 773.4269 | D48: =IFERROR(VLOOKUP(B48, 'Duke 1'!A$3:$B$85,2, 0), 0) -> 631.57895 | E48: =IFERROR(VLOOKUP(B48, 'Duke 2'!A$3:$B$522,2, 0), 0) -> 0 | F48: =IFERROR(VLOOKUP(B48, 'Duke 3'!A$3:$B1000,2, 0), 0) -> 888.88889 | G48: =IFERROR(VLOOKUP(B48, 'Duke 4'!A$3:$B1000,2, 0), 0) -> 960 | H48: =IFERROR(VLOOKUP(B48, Proof!A$2:$B1000,2, 0), 0) -> 145.45455
A49: =ROW()-1 -> 48 | B49: 2026abaradhi | C49: =0.35*LARGE(D49:G49,1)+0.35*LARGE(D49:G49,2)+0.2*LARGE(D49:G49,3) -> 746.05263 | D49: =IFERROR(VLOOKUP(B49, 'Duke 1'!A$3:$B$85,2, 0), 0) -> 631.57895 | E49: =IFERROR(VLOOKUP(B49, 'Duke 2'!A$3:$B$522,2, 0), 0) -> 1500 | F49: =IFERROR(VLOOKUP(B49, 'Duke 3'!A$3:$B1000,2, 0), 0) -> 0 | G49: =IFERROR(VLOOKUP(B49, 'Duke 4'!A$3:$B1000,2, 0), 0) -> 0 | H49: =IFERROR(VLOOKUP(B49, Proof!A$2:$B1000,2, 0), 0) -> 0
A50: =ROW()-1 -> 49 | B50: 2028asu | C50: =0.35*LARGE(D50:G50,1)+0.35*LARGE(D50:G50,2)+0.2*LARGE(D50:G50,3) -> 746.05263 | D50: =IFERROR(VLOOKUP(B50, 'Duke 1'!A$3:$B$85,2, 0), 0) -> 631.57895 | E50: =IFERROR(VLOOKUP(B50, 'Duke 2'!A$3:$B$522,2, 0), 0) -> 1500 | F50: =IFERROR(VLOOKUP(B50, 'Duke 3'!A$3:$B1000,2, 0), 0) -> 0 | G50: =IFERROR(VLOOKUP(B50, 'Duke 4'!A$3:$B1000,2, 0), 0) -> 0 | H50: =IFERROR(VLOOKUP(B50, Proof!A$2:$B1000,2, 0), 0) -> 0
A51: =ROW()-1 -> 50 | B51: 2029alee | C51: =0.35*LARGE(D51:G51,1)+0.35*LARGE(D51:G51,2)+0.2*LARGE(D51:G51,3) -> 746.05263 | D51: =IFERROR(VLOOKUP(B51, 'Duke 1'!A$3:$B$85,2, 0), 0) -> 631.57895 | E51: =IFERROR(VLOOKUP(B51, 'Duke 2'!A$3:$B$522,2, 0), 0) -> 1500 | F51: =IFERROR(VLOOKUP(B51, 'Duke 3'!A$3:$B1000,2, 0), 0) -> 0 | G51: =IFERROR(VLOOKUP(B51, 'Duke 4'!A$3:$B1000,2, 0), 0) -> 0 | H51: =IFERROR(VLOOKUP(B51, Proof!A$2:$B1000,2, 0), 0) -> 0
A52: =ROW()-1 -> 51 | B52: 2027etran | C52: =0.35*LARGE(D52:G52,1)+0.35*LARGE(D52:G52,2)+0.2*LARGE(D52:G52,3) -> 746.05263 | D52: =IFERROR(VLOOKUP(B52, 'Duke 1'!A$3:$B$85,2, 0), 0) -> 631.57895 | E52: =IFERROR(VLOOKUP(B52, 'Duke 2'!A$3:$B$522,2, 0), 0) -> 1500 | F52: =IFERROR(VLOOKUP(B52, 'Duke 3'!A$3:$B1000,2, 0), 0) -> 0 | G52: =IFERROR(VLOOKUP(B52, 'Duke 4'!A$3:$B1000,2, 0), 0) -> 0 | H52: =IFERROR(VLOOKUP(B52, Proof!A$2:$B1000,2, 0), 0) -> 0
A53: =ROW()-1 -> 52 | B53: 2027pyoo | C53: =0.35*LARGE(D53:G53,1)+0.35*LARGE(D53:G53,2)+0.2*LARGE(D53:G53,3) -> 647.11111 | D53: =IFERROR(VLOOKUP(B53, 'Duke 1'!A$3:$B$85,2, 0), 0) -> 0 | E53: =IFERROR(VLOOKUP(B53, 'Duke 2'!A$3:$B$522,2, 0), 0) -> 0 | F53: =IFERROR(VLOOKUP(B53, 'Duke 3'!A$3:$B1000,2, 0), 0) -> 888.88889 | G53: =IFERROR(VLOOKUP(B53, 'Duke 4'!A$3:$B1000,2, 0), 0) -> 960
A54: =ROW()-1 -> 53 | B54: 2027pyoo | C54: =0.35*LARGE(D54:G54,1)+0.35*LARGE(D54:G54,2)+0.2*LARGE(D54:G54,3) -> 647.11111 | D54: =IFERROR(VLOOKUP(B54, 'Duke 1'!A$3:$B$85,2, 0), 0) -> 0 | E54: =IFERROR(VLOOKUP(B54, 'Duke 2'!A$3:$B$522,2, 0), 0) -> 0 | F54: =IFERROR(VLOOKUP(B54, 'Duke 3'!A$3:$B1000,2, 0), 0) -> 888.88889 | G54: =IFERROR(VLOOKUP(B54, 'Duke 4'!A$3:$B1000,2, 0), 0) -> 960
A55: =ROW()-1 -> 54 | B55: 2027spark | C55: =0.35*LARGE(D55:G55,1)+0.35*LARGE(D55:G55,2)+0.2*LARGE(D55:G55,3) -> 557.05263 | D55: =IFERROR(VLOOKUP(B55, 'Duke 1'!A$3:$B$85,2, 0), 0) -> 631.57895 | E55: =IFERROR(VLOOKUP(B55, 'Duke 2'!A$3:$B$522,2, 0), 0) -> 0 | F55: =IFERROR(VLOOKUP(B55, 'Duke 3'!A$3:$B1000,2, 0), 0) -> 0 | G55: =IFERROR(VLOOKUP(B55, 'Duke 4'!A$3:$B1000,2, 0), 0) -> 960 | H55: =IFERROR(VLOOKUP(B55, Proof!A$2:$B1000,2, 0), 0) -> 0
A56: =ROW()-1 -> 55 | B56: 2028asomired | C56: =0.35*LARGE(D56:G56,1)+0.35*LARGE(D56:G56,2)+0.2*LARGE(D56:G56,3) -> 525 | D56: =IFERROR(VLOOKUP(B56, 'Duke 1'!A$3:$B$85,2, 0), 0) -> 0 | E56: =IFERROR(VLOOKUP(B56, 'Duke 2'!A$3:$B$522,2, 0), 0) -> 1500 | F56: =IFERROR(VLOOKUP(B56, 'Duke 3'!A$3:$B1000,2, 0), 0) -> 0 | G56: =IFERROR(VLOOKUP(B56, 'Duke 4'!A$3:$B1000,2, 0), 0) -> 0
A57: =ROW()-1 -> 56 | B57: 2028tdeng | C57: =0.35*LARGE(D57:G57,1)+0.35*LARGE(D57:G57,2)+0.2*LARGE(D57:G57,3) -> 525 | D57: =IFERROR(VLOOKUP(B57, 'Duke 1'!A$3:$B$85,2, 0), 0) -> 0 | E57: =IFERROR(VLOOKUP(B57, 'Duke 2'!A$3:$B$522,2, 0), 0) -> 1500 | F57: =IFERROR(VLOOKUP(B57, 'Duke 3'!A$3:$B1000,2, 0), 0) -> 0 | G57: =IFERROR(VLOOKUP(B57, 'Duke 4'!A$3:$B1000,2, 0), 0) -> 0
A58: =ROW()-1 -> 57 | B58: 2028elin | C58: =0.35*LARGE(D58:G58,1)+0.35*LARGE(D58:G58,2)+0.2*LARGE(D58:G58,3) -> 525 | D58: =IFERROR(VLOOKUP(B58, 'Duke 1'!A$3:$B$85,2, 0), 0) -> 0 | E58: =IFERROR(VLOOKUP(B58, 'Duke 2'!A$3:$B$522,2, 0), 0) -> 1500 | F58: =IFERROR(VLOOKUP(B58, 'Duke 3'!A$3:$B1000,2, 0), 0) -> 0 | G58: =IFERROR(VLOOKUP(B58, 'Duke 4'!A$3:$B1000,2, 0), 0) -> 0
A59: =ROW()-1 -> 58 | B59: 2027dkharito | C59: =0.35*LARGE(D59:G59,1)+0.35*LARGE(D59:G59,2)+0.2*LARGE(D59:G59,3) -> 525 | D59: =IFERROR(VLOOKUP(B59, 'Duke 1'!A$3:$B$85,2, 0), 0) -> 0 | E59: =IFERROR(VLOOKUP(B59, 'Duke 2'!A$3:$B$522,2, 0), 0) -> 1500 | F59: =IFERROR(VLOOKUP(B59, 'Duke 3'!A$3:$B1000,2, 0), 0) -> 0 | G59: =IFERROR(VLOOKUP(B59, 'Duke 4'!A$3:$B1000,2, 0), 0) -> 0
A60: =ROW()-1 -> 59 | B60: 2029kshen | C60: =0.35*LARGE(D60:G60,1)+0.35*LARGE(D60:G60,2)+0.2*LARGE(D60:G60,3) -> 525 | D60: =IFERROR(VLOOKUP(B60, 'Duke 1'!A$3:$B$85,2, 0), 0) -> 0 | E60: =IFERROR(VLOOKUP(B60, 'Duke 2'!A$3:$B$522,2, 0), 0) -> 1500 | F60: =IFERROR(VLOOKUP(B60, 'Duke 3'!A$3:$B1000,2, 0), 0) -> 0 | G60: =IFERROR(VLOOKUP(B60, 'Duke 4'!A$3:$B1000,2, 0), 0) -> 0
A61: =ROW()-1 -> 60 | B61: 2028gkanakad | C61: =0.35*LARGE(D61:G61,1)+0.35*LARGE(D61:G61,2)+0.2*LARGE(D61:G61,3) -> 525 | D61: =IFERROR(VLOOKUP(B61, 'Duke 1'!A$3:$B$85,2, 0), 0) -> 0 | E61: =IFERROR(VLOOKUP(B61, 'Duke 2'!A$3:$B$522,2, 0), 0) -> 1500 | F61: =IFERROR(VLOOKUP(B61, 'Duke 3'!A$3:$B1000,2, 0), 0) -> 0 | G61: =IFERROR(VLOOKUP(B61, 'Duke 4'!A$3:$B1000,2, 0), 0) -> 0
A62: =ROW()-1 -> 61 | B62: 2028bkong | C62: =0.35*LARGE(D62:G62,1)+0.35*LARGE(D62:G62,2)+0.2*LARGE(D62:G62,3) -> 525 | D62: =IFERROR(VLOOKUP(B62, 'Duke 1'!A$3:$B$85,2, 0), 0) -> 0 | E62: =IFERROR(VLOOKUP(B62, 'Duke 2'!A$3:$B$522,2, 0), 0) -> 1500 | F62: =IFERROR(VLOOKUP(B62, 'Duke 3'!A$3:$B1000,2, 0), 0) -> 0 | G62: =IFERROR(VLOOKUP(B62, 'Duke 4'!A$3:$B1000,2, 0), 0) -> 0
A63: =ROW()-1 -> 62 | B63: 2029rkallama | C63: =0.35*LARGE(D63:G63,1)+0.35*LARGE(D63:G63,2)+0.2*LARGE(D63:G63,3) -> 525 | D63: =IFERROR(VLOOKUP(B63, 'Duke 1'!A$3:$B$85,2, 0), 0) -> 0 | E63: =IFERROR(VLOOKUP(B63, 'Duke 2'!A$3:$B$522,2, 0), 0) -> 1500 | F63: =IFERROR(VLOOKUP(B63, 'Duke 3'!A$3:$B1000,2, 0), 0) -> 0 | G63: =IFERROR(VLOOKUP(B63, 'Duke 4'!A$3:$B1000,2, 0), 0) -> 0
A64: =ROW()-1 -> 63 | B64: 2028hneiberl | C64: =0.35*LARGE(D64:G64,1)+0.35*LARGE(D64:G64,2)+0.2*LARGE(D64:G64,3) -> 525 | D64: =IFERROR(VLOOKUP(B64, 'Duke 1'!A$3:$B$85,2, 0), 0) -> 0 | E64: =IFERROR(VLOOKUP(B64, 'Duke 2'!A$3:$B$522,2, 0), 0) -> 1500 | F64: =IFERROR(VLOOKUP(B64, 'Duke 3'!A$3:$B1000,2, 0), 0) -> 0 | G64: =IFERROR(VLOOKUP(B64, 'Duke 4'!A$3:$B1000,2, 0), 0) -> 0
A65: =ROW()-1 -> 64 | B65: 2028pmotahar | C65: =0.35*LARGE(D65:G65,1)+0.35*LARGE(D65:G65,2)+0.2*LARGE(D65:G65,3) -> 525 | D65: =IFERROR(VLOOKUP(B65, 'Duke 1'!A$3:$B$85,2, 0), 0) -> 0 | E65: =IFERROR(VLOOKUP(B65, 'Duke 2'!A$3:$B$522,2, 0), 0) -> 1500 | F65: =IFERROR(VLOOKUP(B65, 'Duke 3'!A$3:$B1000,2, 0), 0) -> 0 | G65: =IFERROR(VLOOKUP(B65, 'Duke 4'!A$3:$B1000,2, 0), 0) -> 0
A66: =ROW()-1 -> 65 | B66: 2028yshafi | C66: =0.35*LARGE(D66:G66,1)+0.35*LARGE(D66:G66,2)+0.2*LARGE(D66:G66,3) -> 525 | D66: =IFERROR(VLOOKUP(B66, 'Duke 1'!A$3:$B$85,2, 0), 0) -> 0 | E66: =IFERROR(VLOOKUP(B66, 'Duke 2'!A$3:$B$522,2, 0), 0) -> 1500 | F66: =IFERROR(VLOOKUP(B66, 'Duke 3'!A$3:$B1000,2, 0), 0) -> 0 | G66: =IFERROR(VLOOKUP(B66, 'Duke 4'!A$3:$B1000,2, 0), 0) -> 0
A67: =ROW()-1 -> 66 | B67: 2029wyu | C67: =0.35*LARGE(D67:G67,1)+0.35*LARGE(D67:G67,2)+0.2*LARGE(D67:G67,3) -> 525 | D67: =IFERROR(VLOOKUP(B67, 'Duke 1'!A$3:$B$85,2, 0), 0) -> 0 | E67: =IFERROR(VLOOKUP(B67, 'Duke 2'!A$3:$B$522,2, 0), 0) -> 1500 | F67: =IFERROR(VLOOKUP(B67, 'Duke 3'!A$3:$B1000,2, 0), 0) -> 0 | G67: =IFERROR(VLOOKUP(B67, 'Duke 4'!A$3:$B1000,2, 0), 0) -> 0
A68: =ROW()-1 -> 67 | B68: 2029lyin | C68: =0.35*LARGE(D68:G68,1)+0.35*LARGE(D68:G68,2)+0.2*LARGE(D68:G68,3) -> 525 | D68: =IFERROR(VLOOKUP(B68, 'Duke 1'!A$3:$B$85,2, 0), 0) -> 0 | E68: =IFERROR(VLOOKUP(B68, 'Duke 2'!A$3:$B$522,2, 0), 0) -> 1500 | F68: =IFERROR(VLOOKUP(B68, 'Duke 3'!A$3:$B1000,2, 0), 0) -> 0 | G68: =IFERROR(VLOOKUP(B68, 'Duke 4'!A$3:$B1000,2, 0), 0) -> 0
A69: =ROW()-1 -> 68 | B69: 2028dmotahar | C69: =0.35*LARGE(D69:G69,1)+0.35*LARGE(D69:G69,2)+0.2*LARGE(D69:G69,3) -> 525 | D69: =IFERROR(VLOOKUP(B69, 'Duke 1'!A$3:$B$85,2, 0), 0) -> 0 | E69: =IFERROR(VLOOKUP(B69, 'Duke 2'!A$3:$B$522,2, 0), 0) -> 1500 | F69: =IFERROR(VLOOKUP(B69, 'Duke 3'!A$3:$B1000,2, 0), 0) -> 0 | G69: =IFERROR(VLOOKUP(B69, 'Duke 4'!A$3:$B1000,2, 0), 0) -> 0
A70: =ROW()-1 -> 69 | B70: 2029abose | C70: =0.35*LARGE(D70:G70,1)+0.35*LARGE(D70:G70,2)+0.2*LARGE(D70:G70,3) -> 525 | D70: =IFERROR(VLOOKUP(B70, 'Duke 1'!A$3:$B$85,2, 0), 0) -> 0 | E70: =IFERROR(VLOOKUP(B70, 'Duke 2'!A$3:$B$522,2, 0), 0) -> 1500 | F70: =IFERROR(VLOOKUP(B70, 'Duke 3'!A$3:$B1000,2, 0), 0) -> 0 | G70: =IFERROR(VLOOKUP(B70, 'Duke 4'!A$3:$B1000,2, 0), 0) -> 0
A71: =ROW()-1 -> 70 | B71: 2029vbal | C71: =0.35*LARGE(D71:G71,1)+0.35*LARGE(D71:G71,2)+0.2*LARGE(D71:G71,3) -> 525 | D71: =IFERROR(VLOOKUP(B71, 'Duke 1'!A$3:$B$85,2, 0), 0) -> 0 | E71: =IFERROR(VLOOKUP(B71, 'Duke 2'!A$3:$B$522,2, 0), 0) -> 1500 | F71: =IFERROR(VLOOKUP(B71, 'Duke 3'!A$3:$B1000,2, 0), 0) -> 0 | G71: =IFERROR(VLOOKUP(B71, 'Duke 4'!A$3:$B1000,2, 0), 0) -> 0
A72: =ROW()-1 -> 71 | B72: 2029vkhambha | C72: =0.35*LARGE(D72:G72,1)+0.35*LARGE(D72:G72,2)+0.2*LARGE(D72:G72,3) -> 525 | D72: =IFERROR(VLOOKUP(B72, 'Duke 1'!A$3:$B$85,2, 0), 0) -> 0 | E72: =IFERROR(VLOOKUP(B72, 'Duke 2'!A$3:$B$522,2, 0), 0) -> 1500 | F72: =IFERROR(VLOOKUP(B72, 'Duke 3'!A$3:$B1000,2, 0), 0) -> 0 | G72: =IFERROR(VLOOKUP(B72, 'Duke 4'!A$3:$B1000,2, 0), 0) -> 0
A73: =ROW()-1 -> 72 | B73: 2029vchu | C73: =0.35*LARGE(D73:G73,1)+0.35*LARGE(D73:G73,2)+0.2*LARGE(D73:G73,3) -> 525 | D73: =IFERROR(VLOOKUP(B73, 'Duke 1'!A$3:$B$85,2, 0), 0) -> 0 | E73: =IFERROR(VLOOKUP(B73, 'Duke 2'!A$3:$B$522,2, 0), 0) -> 1500 | F73: =IFERROR(VLOOKUP(B73, 'Duke 3'!A$3:$B1000,2, 0), 0) -> 0 | G73: =IFERROR(VLOOKUP(B73, 'Duke 4'!A$3:$B1000,2, 0), 0) -> 0 | H73: =IFERROR(VLOOKUP(B73, Proof!A$2:$B1000,2, 0), 0) -> 0
A74: =ROW()-1 -> 73 | B74: 2028jliu1 | C74: =0.35*LARGE(D74:G74,1)+0.35*LARGE(D74:G74,2)+0.2*LARGE(D74:G74,3) -> 525 | D74: =IFERROR(VLOOKUP(B74, 'Duke 1'!A$3:$B$85,2, 0), 0) -> 0 | E74: =IFERROR(VLOOKUP(B74, 'Duke 2'!A$3:$B$522,2, 0), 0) -> 1500 | F74: =IFERROR(VLOOKUP(B74, 'Duke 3'!A$3:$B1000,2, 0), 0) -> 0 | G74: =IFERROR(VLOOKUP(B74, 'Duke 4'!A$3:$B1000,2, 0), 0) -> 0 | H74: =IFERROR(VLOOKUP(B74, Proof!A$2:$B1000,2, 0), 0) -> 0
A75: =ROW()-1 -> 74 | B75: 2028cyoo | C75: =0.35*LARGE(D75:G75,1)+0.35*LARGE(D75:G75,2)+0.2*LARGE(D75:G75,3) -> 525 | D75: =IFERROR(VLOOKUP(B75, 'Duke 1'!A$3:$B$85,2, 0), 0) -> 0 | E75: =IFERROR(VLOOKUP(B75, 'Duke 2'!A$3:$B$522,2, 0), 0) -> 1500 | F75: =IFERROR(VLOOKUP(B75, 'Duke 3'!A$3:$B1000,2, 0), 0) -> 0 | G75: =IFERROR(VLOOKUP(B75, 'Duke 4'!A$3:$B1000,2, 0), 0) -> 0 | H75: =IFERROR(VLOOKUP(B75, Proof!A$2:$B1000,2, 0), 0) -> 0
A76: =ROW()-1 -> 75 | B76: 2029eschellh | C76: =0.35*LARGE(D76:G76,1)+0.35*LARGE(D76:G76,2)+0.2*LARGE(D76:G76,3) -> 525 | D76: =IFERROR(VLOOKUP(B76, 'Duke 1'!A$3:$B$85,2, 0), 0) -> 0 | E76: =IFERROR(VLOOKUP(B76, 'Duke 2'!A$3:$B$522,2, 0), 0) -> 1500 | F76: =IFERROR(VLOOKUP(B76, 'Duke 3'!A$3:$B1000,2, 0), 0) -> 0 | G76: =IFERROR(VLOOKUP(B76, 'Duke 4'!A$3:$B1000,2, 0), 0) -> 0
A77: =ROW()-1 -> 76 | B77: 2029rnagaban | C77: =0.35*LARGE(D77:G77,1)+0.35*LARGE(D77:G77,2)+0.2*LARGE(D77:G77,3) -> 525 | D77: =IFERROR(VLOOKUP(B77, 'Duke 1'!A$3:$B$85,2, 0), 0) -> 0 | E77: =IFERROR(VLOOKUP(B77, 'Duke 2'!A$3:$B$522,2, 0), 0) -> 1500 | F77: =IFERROR(VLOOKUP(B77, 'Duke 3'!A$3:$B1000,2, 0), 0) -> 0 | G77: =IFERROR(VLOOKUP(B77, 'Duke 4'!A$3:$B1000,2, 0), 0) -> 0
A78: =ROW()-1 -> 77 | B78: 2029tdondapa | C78: =0.35*LARGE(D78:G78,1)+0.35*LARGE(D78:G78,2)+0.2*LARGE(D78:G78,3) -> 525 | D78: =IFERROR(VLOOKUP(B78, 'Duke 1'!A$3:$B$85,2, 0), 0) -> 0 | E78: =IFERROR(VLOOKUP(B78, 'Duke 2'!A$3:$B$522,2, 0), 0) -> 1500 | F78: =IFERROR(VLOOKUP(B78, 'Duke 3'!A$3:$B1000,2, 0), 0) -> 0 | G78: =IFERROR(VLOOKUP(B78, 'Duke 4'!A$3:$B1000,2, 0), 0) -> 0
A79: =ROW()-1 -> 78 | B79: 2029bchu | C79: =0.35*LARGE(D79:G79,1)+0.35*LARGE(D79:G79,2)+0.2*LARGE(D79:G79,3) -> 525 | D79: =IFERROR(VLOOKUP(B79, 'Duke 1'!A$3:$B$85,2, 0), 0) -> 0 | E79: =IFERROR(VLOOKUP(B79, 'Duke 2'!A$3:$B$522,2, 0), 0) -> 1500 | F79: =IFERROR(VLOOKUP(B79, 'Duke 3'!A$3:$B1000,2, 0), 0) -> 0 | G79: =IFERROR(VLOOKUP(B79, 'Duke 4'!A$3:$B1000,2, 0), 0) -> 0
A80: =ROW()-1 -> 79 | B80: 2027ayan | C80: =0.35*LARGE(D80:G80,1)+0.35*LARGE(D80:G80,2)+0.2*LARGE(D80:G80,3) -> 336 | D80: =IFERROR(VLOOKUP(B80, 'Duke 1'!A$3:$B$85,2, 0), 0) -> 0 | E80: =IFERROR(VLOOKUP(B80, 'Duke 2'!A$3:$B$522,2, 0), 0) -> 0 | F80: =IFERROR(VLOOKUP(B80, 'Duke 3'!A$3:$B1000,2, 0), 0) -> 0 | G80: =IFERROR(VLOOKUP(B80, 'Duke 4'!A$3:$B1000,2, 0), 0) -> 960
A81: =ROW()-1 -> 80 | B81: 2027ayan | C81: =0.35*LARGE(D81:G81,1)+0.35*LARGE(D81:G81,2)+0.2*LARGE(D81:G81,3) -> 336 | D81: =IFERROR(VLOOKUP(B81, 'Duke 1'!A$3:$B$85,2, 0), 0) -> 0 | E81: =IFERROR(VLOOKUP(B81, 'Duke 2'!A$3:$B$522,2, 0), 0) -> 0 | F81: =IFERROR(VLOOKUP(B81, 'Duke 3'!A$3:$B1000,2, 0), 0) -> 0 | G81: =IFERROR(VLOOKUP(B81, 'Duke 4'!A$3:$B1000,2, 0), 0) -> 960
A82: =ROW()-1 -> 81 | B82: 2029wzhang | C82: =0.35*LARGE(D82:G82,1)+0.35*LARGE(D82:G82,2)+0.2*LARGE(D82:G82,3) -> 221.05263 | D82: =IFERROR(VLOOKUP(B82, 'Duke 1'!A$3:$B$85,2, 0), 0) -> 631.57895 | E82: =IFERROR(VLOOKUP(B82, 'Duke 2'!A$3:$B$522,2, 0), 0) -> 0 | F82: =IFERROR(VLOOKUP(B82, 'Duke 3'!A$3:$B1000,2, 0), 0) -> 0 | G82: =IFERROR(VLOOKUP(B82, 'Duke 4'!A$3:$B1000,2, 0), 0) -> 0 | H82: =IFERROR(VLOOKUP(B82, Proof!A$2:$B1000,2, 0), 0) -> 0
A83: =ROW()-1 -> 82 | B83: 2027rguo | C83: =0.35*LARGE(D83:G83,1)+0.35*LARGE(D83:G83,2)+0.2*LARGE(D83:G83,3) -> 0 | D83: =IFERROR(VLOOKUP(B83, 'Duke 1'!A$3:$B$85,2, 0), 0) -> 0 | E83: =IFERROR(VLOOKUP(B83, 'Duke 2'!A$3:$B$522,2, 0), 0) -> 0 | F83: =IFERROR(VLOOKUP(B83, 'Duke 3'!A$3:$B1000,2, 0), 0) -> 0 | G83: =IFERROR(VLOOKUP(B83, 'Duke 4'!A$3:$B1000,2, 0), 0) -> 0
A84: =ROW()-1 -> 83 | B84: 2028bhan | C84: =0.35*LARGE(D84:G84,1)+0.35*LARGE(D84:G84,2)+0.2*LARGE(D84:G84,3) -> 0 | D84: =IFERROR(VLOOKUP(B84, 'Duke 1'!A$3:$B$85,2, 0), 0) -> 0 | E84: =IFERROR(VLOOKUP(B84, 'Duke 2'!A$3:$B$522,2, 0), 0) -> 0 | F84: =IFERROR(VLOOKUP(B84, 'Duke 3'!A$3:$B1000,2, 0), 0) -> 0 | G84: =IFERROR(VLOOKUP(B84, 'Duke 4'!A$3:$B1000,2, 0), 0) -> 0
A85: =ROW()-1 -> 84 | B85: 2028agupta | C85: =0.35*LARGE(D85:G85,1)+0.35*LARGE(D85:G85,2)+0.2*LARGE(D85:G85,3) -> 0 | D85: =IFERROR(VLOOKUP(B85, 'Duke 1'!A$3:$B$85,2, 0), 0) -> 0 | E85: =IFERROR(VLOOKUP(B85, 'Duke 2'!A$3:$B$522,2, 0), 0) -> 0 | F85: =IFERROR(VLOOKUP(B85, 'Duke 3'!A$3:$B1000,2, 0), 0) -> 0 | G85: =IFERROR(VLOOKUP(B85, 'Duke 4'!A$3:$B1000,2, 0), 0) -> 0
A86: =ROW()-1 -> 85 | B86: 2029exu | C86: =0.35*LARGE(D86:G86,1)+0.35*LARGE(D86:G86,2)+0.2*LARGE(D86:G86,3) -> 0 | D86: =IFERROR(VLOOKUP(B86, 'Duke 1'!A$3:$B$85,2, 0), 0) -> 0 | E86: =IFERROR(VLOOKUP(B86, 'Duke 2'!A$3:$B$522,2, 0), 0) -> 0 | F86: =IFERROR(VLOOKUP(B86, 'Duke 3'!A$3:$B1000,2, 0), 0) -> 0 | G86: =IFERROR(VLOOKUP(B86, 'Duke 4'!A$3:$B1000,2, 0), 0) -> 0
A87: =ROW()-1 -> 86 | C87: =0.35*LARGE(D87:G87,1)+0.35*LARGE(D87:G87,2)+0.2*LARGE(D87:G87,3) -> 0 | D87: =IFERROR(VLOOKUP(B87, 'Duke 1'!A$3:$B$85,2, 0), 0) -> 0 | E87: =IFERROR(VLOOKUP(B87, 'Duke 2'!A$3:$B$522,2, 0), 0) -> 0 | F87: =IFERROR(VLOOKUP(B87, 'Duke 3'!A$3:$B1000,2, 0), 0) -> 0 | G87: =IFERROR(VLOOKUP(B87, 'Duke 4'!A$3:$B1000,2, 0), 0) -> 0
A88: =ROW()-1 -> 87 | C88: =0.35*LARGE(D88:G88,1)+0.35*LARGE(D88:G88,2)+0.2*LARGE(D88:G88,3) -> 0 | D88: =IFERROR(VLOOKUP(B88, 'Duke 1'!A$3:$B$85,2, 0), 0) -> 0 | E88: =IFERROR(VLOOKUP(B88, 'Duke 2'!A$3:$B$522,2, 0), 0) -> 0 | F88: =IFERROR(VLOOKUP(B88, 'Duke 3'!A$3:$B1000,2, 0), 0) -> 0 | G88: =IFERROR(VLOOKUP(B88, 'Duke 4'!A$3:$B1000,2, 0), 0) -> 0
A89: =ROW()-1 -> 88 | C89: =0.35*LARGE(D89:G89,1)+0.35*LARGE(D89:G89,2)+0.2*LARGE(D89:G89,3) -> 0 | D89: =IFERROR(VLOOKUP(B89, 'Duke 1'!A$3:$B$85,2, 0), 0) -> 0 | E89: =IFERROR(VLOOKUP(B89, 'Duke 2'!A$3:$B$522,2, 0), 0) -> 0 | F89: =IFERROR(VLOOKUP(B89, 'Duke 3'!A$3:$B1000,2, 0), 0) -> 0 | G89: =IFERROR(VLOOKUP(B89, 'Duke 4'!A$3:$B1000,2, 0), 0) -> 0
A90: =ROW()-1 -> 89 | C90: =0.35*LARGE(D90:G90,1)+0.35*LARGE(D90:G90,2)+0.2*LARGE(D90:G90,3) -> 0 | D90: =IFERROR(VLOOKUP(B90, 'Duke 1'!A$3:$B$85,2, 0), 0) -> 0 | E90: =IFERROR(VLOOKUP(B90, 'Duke 2'!A$3:$B$522,2, 0), 0) -> 0 | F90: =IFERROR(VLOOKUP(B90, 'Duke 3'!A$3:$B1000,2, 0), 0) -> 0 | G90: =IFERROR(VLOOKUP(B90, 'Duke 4'!A$3:$B1000,2, 0), 0) -> 0
A91: =ROW()-1 -> 90 | C91: =0.35*LARGE(D91:G91,1)+0.35*LARGE(D91:G91,2)+0.2*LARGE(D91:G91,3) -> 0 | D91: =IFERROR(VLOOKUP(B91, 'Duke 1'!A$3:$B$85,2, 0), 0) -> 0 | E91: =IFERROR(VLOOKUP(B91, 'Duke 2'!A$3:$B$522,2, 0), 0) -> 0 | F91: =IFERROR(VLOOKUP(B91, 'Duke 3'!A$3:$B1000,2, 0), 0) -> 0 | G91: =IFERROR(VLOOKUP(B91, 'Duke 4'!A$3:$B1000,2, 0), 0) -> 0
A92: =ROW()-1 -> 91 | C92: =0.35*LARGE(D92:G92,1)+0.35*LARGE(D92:G92,2)+0.2*LARGE(D92:G92,3) -> 0 | D92: =IFERROR(VLOOKUP(B92, 'Duke 1'!A$3:$B$85,2, 0), 0) -> 0 | E92: =IFERROR(VLOOKUP(B92, 'Duke 2'!A$3:$B$522,2, 0), 0) -> 0 | F92: =IFERROR(VLOOKUP(B92, 'Duke 3'!A$3:$B1000,2, 0), 0) -> 0 | G92: =IFERROR(VLOOKUP(B92, 'Duke 4'!A$3:$B1000,2, 0), 0) -> 0
A93: =ROW()-1 -> 92 | C93: =0.35*LARGE(D93:G93,1)+0.35*LARGE(D93:G93,2)+0.2*LARGE(D93:G93,3) -> 0 | D93: =IFERROR(VLOOKUP(B93, 'Duke 1'!A$3:$B$85,2, 0), 0) -> 0 | E93: =IFERROR(VLOOKUP(B93, 'Duke 2'!A$3:$B$522,2, 0), 0) -> 0 | F93: =IFERROR(VLOOKUP(B93, 'Duke 3'!A$3:$B1000,2, 0), 0) -> 0 | G93: =IFERROR(VLOOKUP(B93, 'Duke 4'!A$3:$B1000,2, 0), 0) -> 0
A94: =ROW()-1 -> 93 | C94: =0.35*LARGE(D94:G94,1)+0.35*LARGE(D94:G94,2)+0.2*LARGE(D94:G94,3) -> 0 | D94: =IFERROR(VLOOKUP(B94, 'Duke 1'!A$3:$B$85,2, 0), 0) -> 0 | E94: =IFERROR(VLOOKUP(B94, 'Duke 2'!A$3:$B$522,2, 0), 0) -> 0 | F94: =IFERROR(VLOOKUP(B94, 'Duke 3'!A$3:$B1000,2, 0), 0) -> 0 | G94: =IFERROR(VLOOKUP(B94, 'Duke 4'!A$3:$B1000,2, 0), 0) -> 0
A95: =ROW()-1 -> 94 | C95: =0.35*LARGE(D95:G95,1)+0.35*LARGE(D95:G95,2)+0.2*LARGE(D95:G95,3) -> 0 | D95: =IFERROR(VLOOKUP(B95, 'Duke 1'!A$3:$B$85,2, 0), 0) -> 0 | E95: =IFERROR(VLOOKUP(B95, 'Duke 2'!A$3:$B$522,2, 0), 0) -> 0 | F95: =IFERROR(VLOOKUP(B95, 'Duke 3'!A$3:$B1000,2, 0), 0) -> 0 | G95: =IFERROR(VLOOKUP(B95, 'Duke 4'!A$3:$B1000,2, 0), 0) -> 0
A96: =ROW()-1 -> 95 | C96: =0.35*LARGE(D96:G96,1)+0.35*LARGE(D96:G96,2)+0.2*LARGE(D96:G96,3) -> 0 | D96: =IFERROR(VLOOKUP(B96, 'Duke 1'!A$3:$B$85,2, 0), 0) -> 0 | E96: =IFERROR(VLOOKUP(B96, 'Duke 2'!A$3:$B$522,2, 0), 0) -> 0 | F96: =IFERROR(VLOOKUP(B96, 'Duke 3'!A$3:$B1000,2, 0), 0) -> 0 | G96: =IFERROR(VLOOKUP(B96, 'Duke 4'!A$3:$B1000,2, 0), 0) -> 0
A97: =ROW()-1 -> 96 | C97: =0.35*LARGE(D97:G97,1)+0.35*LARGE(D97:G97,2)+0.2*LARGE(D97:G97,3) -> 0 | D97: =IFERROR(VLOOKUP(B97, 'Duke 1'!A$3:$B$85,2, 0), 0) -> 0 | E97: =IFERROR(VLOOKUP(B97, 'Duke 2'!A$3:$B$522,2, 0), 0) -> 0 | F97: =IFERROR(VLOOKUP(B97, 'Duke 3'!A$3:$B1000,2, 0), 0) -> 0 | G97: =IFERROR(VLOOKUP(B97, 'Duke 4'!A$3:$B1000,2, 0), 0) -> 0
A98: =ROW()-1 -> 97 | C98: =0.35*LARGE(D98:G98,1)+0.35*LARGE(D98:G98,2)+0.2*LARGE(D98:G98,3) -> 0 | D98: =IFERROR(VLOOKUP(B98, 'Duke 1'!A$3:$B$85,2, 0), 0) -> 0 | E98: =IFERROR(VLOOKUP(B98, 'Duke 2'!A$3:$B$522,2, 0), 0) -> 0 | F98: =IFERROR(VLOOKUP(B98, 'Duke 3'!A$3:$B1000,2, 0), 0) -> 0 | G98: =IFERROR(VLOOKUP(B98, 'Duke 4'!A$3:$B1000,2, 0), 0) -> 0
A99: =ROW()-1 -> 98 | C99: =0.35*LARGE(D99:G99,1)+0.35*LARGE(D99:G99,2)+0.2*LARGE(D99:G99,3) -> 0 | D99: =IFERROR(VLOOKUP(B99, 'Duke 1'!A$3:$B$85,2, 0), 0) -> 0 | E99: =IFERROR(VLOOKUP(B99, 'Duke 2'!A$3:$B$522,2, 0), 0) -> 0 | F99: =IFERROR(VLOOKUP(B99, 'Duke 3'!A$3:$B1000,2, 0), 0) -> 0 | G99: =IFERROR(VLOOKUP(B99, 'Duke 4'!A$3:$B1000,2, 0), 0) -> 0
A100: =ROW()-1 -> 99 | C100: =0.35*LARGE(D100:G100,1)+0.35*LARGE(D100:G100,2)+0.2*LARGE(D100:G100,3) -> 0 | D100: =IFERROR(VLOOKUP(B100, 'Duke 1'!A$3:$B$85,2, 0), 0) -> 0 | E100: =IFERROR(VLOOKUP(B100, 'Duke 2'!A$3:$B$522,2, 0), 0) -> 0 | F100: =IFERROR(VLOOKUP(B100, 'Duke 3'!A$3:$B1000,2, 0), 0) -> 0 | G100: =IFERROR(VLOOKUP(B100, 'Duke 4'!A$3:$B1000,2, 0), 0) -> 0
...

Sheet Duke Rankings (proof)
A1: che | B1: Ion ID | C1: Overall Index | D1: Duke 1 | E1: Duke 2 | F1: Duke 3 | G1: Duke 4 | H1: Proof | K1: Ion ID | L1: Overall Index | M1: Duke 1 | N1: Duke 2 | O1: Duke 3 | P1: Duke 4 | Q1: Proof
A2: =ROW()-1 -> 1 | B2: 2026rwang | C2: =0.35*LARGE(D2:G2,1)+0.35*LARGE(D2:G2,2)+0.2*LARGE(D2:G2,3)+0.1*H2 -> 4589.2111 | D2: =IFERROR(VLOOKUP(B2, 'Duke 1'!A$3:$B$85,2, 0), 0) -> 3157.8947 | E2: =IFERROR(VLOOKUP(B2, 'Duke 2'!A$3:$B$522,2, 0), 0) -> 6000 | F2: =IFERROR(VLOOKUP(B2, 'Duke 3'!A$3:$B998,2, 0), 0) -> 3555.5556 | G2: =IFERROR(VLOOKUP(B2, 'Duke 4'!A$3:$B998,2, 0), 0) -> 3840 | H2: =IFERROR(VLOOKUP(B2, Proof!A$2:$B998,2, 0), 0) -> 4341 | J2: experimental 20% proof weighting | K2: 2026rwang | L2: =0.3*LARGE(M2:P2,1)+0.3*LARGE(M2:P2,2)+0.2*LARGE(M2:P2,3)+0.2*Q2 -> 4531.3111 | M2: =IFERROR(VLOOKUP(K2, 'Duke 1'!$A$3:$B998,2, 0), 0) -> 3157.8947 | N2: =IFERROR(VLOOKUP(K2, 'Duke 2'!$A$3:$B998,2, 0), 0) -> 6000 | O2: =IFERROR(VLOOKUP(K2, 'Duke 3'!$A$3:$B998,2, 0), 0) -> 3555.5556 | P2: =IFERROR(VLOOKUP(K2, 'Duke 4'!$A$3:$B998,2, 0), 0) -> 3840 | Q2: =IFERROR(VLOOKUP(K2, Proof!$A$3:B998,2, 0), 0) -> 4341
A3: =ROW()-1 -> 2 | B3: 2028syan | C3: =0.35*LARGE(D3:G3,1)+0.35*LARGE(D3:G3,2)+0.2*LARGE(D3:G3,3)+0.1*H3 -> 2601.1441 | D3: =IFERROR(VLOOKUP(B3, 'Duke 1'!A$3:$B$85,2, 0), 0) -> 3789.4737 | E3: =IFERROR(VLOOKUP(B3, 'Duke 2'!A$3:$B$522,2, 0), 0) -> 1500 | F3: =IFERROR(VLOOKUP(B3, 'Duke 3'!A$3:$B998,2, 0), 0) -> 1777.7778 | G3: =IFERROR(VLOOKUP(B3, 'Duke 4'!A$3:$B998,2, 0), 0) -> 1920 | H3: =IFERROR(VLOOKUP(B3, Proof!A$2:$B998,2, 0), 0) -> 2472.7273 | K3: 2028syan | L3: =0.3*LARGE(M3:P3,1)+0.3*LARGE(M3:P3,2)+0.2*LARGE(M3:P3,3)+0.2*Q3 -> 2562.9431 | M3: =IFERROR(VLOOKUP(K3, 'Duke 1'!$A$3:$B998,2, 0), 0) -> 3789.4737 | N3: =IFERROR(VLOOKUP(K3, 'Duke 2'!$A$3:$B998,2, 0), 0) -> 1500 | O3: =IFERROR(VLOOKUP(K3, 'Duke 3'!$A$3:$B998,2, 0), 0) -> 1777.7778 | P3: =IFERROR(VLOOKUP(K3, 'Duke 4'!$A$3:$B998,2, 0), 0) -> 1920 | Q3: =IFERROR(VLOOKUP(K3, Proof!$A$3:B998,2, 0), 0) -> 2472.7273
A4: =ROW()-1 -> 3 | B4: 2026mzhao | C4: =0.35*LARGE(D4:G4,1)+0.35*LARGE(D4:G4,2)+0.2*LARGE(D4:G4,3)+0.1*H4 -> 2266.2222 | D4: =IFERROR(VLOOKUP(B4, 'Duke 1'!A$3:$B$85,2, 0), 0) -> 1263.1579 | E4: =IFERROR(VLOOKUP(B4, 'Duke 2'!A$3:$B$522,2, 0), 0) -> 1500 | F4: =IFERROR(VLOOKUP(B4, 'Duke 3'!A$3:$B998,2, 0), 0) -> 1777.7778 | G4: =IFERROR(VLOOKUP(B4, 'Duke 4'!A$3:$B998,2, 0), 0) -> 3840 | H4: =IFERROR(VLOOKUP(B4, Proof!A$2:$B998,2, 0), 0) -> 0 | K4: 2027pdu | L4: =0.3*LARGE(M4:P4,1)+0.3*LARGE(M4:P4,2)+0.2*LARGE(M4:P4,3)+0.2*Q4 -> 2140.7422 | M4: =IFERROR(VLOOKUP(K4, 'Duke 1'!$A$3:$B998,2, 0), 0) -> 3157.8947 | N4: =IFERROR(VLOOKUP(K4, 'Duke 2'!$A$3:$B998,2, 0), 0) -> 1500 | O4: =IFERROR(VLOOKUP(K4, 'Duke 3'!$A$3:$B998,2, 0), 0) -> 1777.7778 | P4: =IFERROR(VLOOKUP(K4, 'Duke 4'!$A$3:$B998,2, 0), 0) -> 1920 | Q4: =IFERROR(VLOOKUP(K4, Proof!$A$3:B998,2, 0), 0) -> 1309.0909
A5: =ROW()-1 -> 4 | B5: 2027pdu | C5: =0.35*LARGE(D5:G5,1)+0.35*LARGE(D5:G5,2)+0.2*LARGE(D5:G5,3)+0.1*H5 -> 2263.7278 | D5: =IFERROR(VLOOKUP(B5, 'Duke 1'!A$3:$B$85,2, 0), 0) -> 3157.8947 | E5: =IFERROR(VLOOKUP(B5, 'Duke 2'!A$3:$B$522,2, 0), 0) -> 1500 | F5: =IFERROR(VLOOKUP(B5, 'Duke 3'!A$3:$B998,2, 0), 0) -> 1777.7778 | G5: =IFERROR(VLOOKUP(B5, 'Duke 4'!A$3:$B998,2, 0), 0) -> 1920 | H5: =IFERROR(VLOOKUP(B5, Proof!A$2:$B998,2, 0), 0) -> 1309.0909 | K5: 2026jma | L5: =0.3*LARGE(M5:P5,1)+0.3*LARGE(M5:P5,2)+0.2*LARGE(M5:P5,3)+0.2*Q5 -> 1998.5008 | M5: =IFERROR(VLOOKUP(K5, 'Duke 1'!$A$3:$B998,2, 0), 0) -> 2526.3158 | N5: =IFERROR(VLOOKUP(K5, 'Duke 2'!$A$3:$B998,2, 0), 0) -> 1500 | O5: =IFERROR(VLOOKUP(K5, 'Duke 3'!$A$3:$B998,2, 0), 0) -> 1777.7778 | P5: =IFERROR(VLOOKUP(K5, 'Duke 4'!$A$3:$B998,2, 0), 0) -> 960 | Q5: =IFERROR(VLOOKUP(K5, Proof!$A$3:B998,2, 0), 0) -> 2036.3636
A6: =ROW()-1 -> 5 | B6: 2026jma | C6: =0.35*LARGE(D6:G6,1)+0.35*LARGE(D6:G6,2)+0.2*LARGE(D6:G6,3)+0.1*H6 -> 2010.0691 | D6: =IFERROR(VLOOKUP(B6, 'Duke 1'!A$3:$B$85,2, 0), 0) -> 2526.3158 | E6: =IFERROR(VLOOKUP(B6, 'Duke 2'!A$3:$B$522,2, 0), 0) -> 1500 | F6: =IFERROR(VLOOKUP(B6, 'Duke 3'!A$3:$B998,2, 0), 0) -> 1777.7778 | G6: =IFERROR(VLOOKUP(B6, 'Duke 4'!A$3:$B998,2, 0), 0) -> 960 | H6: =IFERROR(VLOOKUP(B6, Proof!A$2:$B998,2, 0), 0) -> 2036.3636 | K6: 2026mzhao | L6: =0.3*LARGE(M6:P6,1)+0.3*LARGE(M6:P6,2)+0.2*LARGE(M6:P6,3)+0.2*Q6 -> 1985.3333 | M6: =IFERROR(VLOOKUP(K6, 'Duke 1'!$A$3:$B998,2, 0), 0) -> 1263.1579 | N6: =IFERROR(VLOOKUP(K6, 'Duke 2'!$A$3:$B998,2, 0), 0) -> 1500 | O6: =IFERROR(VLOOKUP(K6, 'Duke 3'!$A$3:$B998,2, 0), 0) -> 1777.7778 | P6: =IFERROR(VLOOKUP(K6, 'Duke 4'!$A$3:$B998,2, 0), 0) -> 3840 | Q6: =IFERROR(VLOOKUP(K6, Proof!$A$3:B998,2, 0), 0) -> 0
A7: =ROW()-1 -> 6 | B7: 2027smahmud | C7: =0.35*LARGE(D7:G7,1)+0.35*LARGE(D7:G7,2)+0.2*LARGE(D7:G7,3)+0.1*H7 -> 1905.3333 | D7: =IFERROR(VLOOKUP(B7, 'Duke 1'!A$3:$B$85,2, 0), 0) -> 0 | E7: =IFERROR(VLOOKUP(B7, 'Duke 2'!A$3:$B$522,2, 0), 0) -> 1500 | F7: =IFERROR(VLOOKUP(B7, 'Duke 3'!A$3:$B998,2, 0), 0) -> 2666.6667 | G7: =IFERROR(VLOOKUP(B7, 'Duke 4'!A$3:$B998,2, 0), 0) -> 1920 | H7: =IFERROR(VLOOKUP(B7, Proof!A$2:$B998,2, 0), 0) -> 0 | I7: sharahil moment | K7: 2027esombhat | L7: =0.3*LARGE(M7:P7,1)+0.3*LARGE(M7:P7,2)+0.2*LARGE(M7:P7,3)+0.2*Q7 -> 1778.0766 | M7: =IFERROR(VLOOKUP(K7, 'Duke 1'!$A$3:$B998,2, 0), 0) -> 2526.3158 | N7: =IFERROR(VLOOKUP(K7, 'Duke 2'!$A$3:$B998,2, 0), 0) -> 1500 | O7: =IFERROR(VLOOKUP(K7, 'Duke 3'!$A$3:$B998,2, 0), 0) -> 888.88889 | P7: =IFERROR(VLOOKUP(K7, 'Duke 4'!$A$3:$B998,2, 0), 0) -> 960 | Q7: =IFERROR(VLOOKUP(K7, Proof!$A$3:B998,2, 0), 0) -> 1890.9091
A8: =ROW()-1 -> 7 | B8: 2028szhang | C8: =0.35*LARGE(D8:G8,1)+0.35*LARGE(D8:G8,2)+0.2*LARGE(D8:G8,3)+0.1*H8 -> 1812.596 | D8: =IFERROR(VLOOKUP(B8, 'Duke 1'!A$3:$B$85,2, 0), 0) -> 631.57895 | E8: =IFERROR(VLOOKUP(B8, 'Duke 2'!A$3:$B$522,2, 0), 0) -> 1500 | F8: =IFERROR(VLOOKUP(B8, 'Duke 3'!A$3:$B998,2, 0), 0) -> 888.88889 | G8: =IFERROR(VLOOKUP(B8, 'Duke 4'!A$3:$B998,2, 0), 0) -> 2880 | H8: =IFERROR(VLOOKUP(B8, Proof!A$2:$B998,2, 0), 0) -> 1018.1818 | K8: 2028szhang | L8: =0.3*LARGE(M8:P8,1)+0.3*LARGE(M8:P8,2)+0.2*LARGE(M8:P8,3)+0.2*Q8 -> 1695.4141 | M8: =IFERROR(VLOOKUP(K8, 'Duke 1'!$A$3:$B998,2, 0), 0) -> 631.57895 | N8: =IFERROR(VLOOKUP(K8, 'Duke 2'!$A$3:$B998,2, 0), 0) -> 1500 | O8: =IFERROR(VLOOKUP(K8, 'Duke 3'!$A$3:$B998,2, 0), 0) -> 888.88889 | P8: =IFERROR(VLOOKUP(K8, 'Duke 4'!$A$3:$B998,2, 0), 0) -> 2880 | Q8: =IFERROR(VLOOKUP(K8, Proof!$A$3:B998,2, 0), 0) -> 1018.1818
A9: =ROW()-1 -> 8 | B9: 2027esombhat | C9: =0.35*LARGE(D9:G9,1)+0.35*LARGE(D9:G9,2)+0.2*LARGE(D9:G9,3)+0.1*H9 -> 1790.3014 | D9: =IFERROR(VLOOKUP(B9, 'Duke 1'!A$3:$B$85,2, 0), 0) -> 2526.3158 | E9: =IFERROR(VLOOKUP(B9, 'Duke 2'!A$3:$B$522,2, 0), 0) -> 1500 | F9: =IFERROR(VLOOKUP(B9, 'Duke 3'!A$3:$B998,2, 0), 0) -> 888.88889 | G9: =IFERROR(VLOOKUP(B9, 'Duke 4'!A$3:$B998,2, 0), 0) -> 960 | H9: =IFERROR(VLOOKUP(B9, Proof!A$2:$B998,2, 0), 0) -> 1890.9091 | K9: 2027smahmud | L9: =0.3*LARGE(M9:P9,1)+0.3*LARGE(M9:P9,2)+0.2*LARGE(M9:P9,3)+0.2*Q9 -> 1676 | M9: =IFERROR(VLOOKUP(K9, 'Duke 1'!$A$3:$B998,2, 0), 0) -> 0 | N9: =IFERROR(VLOOKUP(K9, 'Duke 2'!$A$3:$B998,2, 0), 0) -> 1500 | O9: =IFERROR(VLOOKUP(K9, 'Duke 3'!$A$3:$B998,2, 0), 0) -> 2666.6667 | P9: =IFERROR(VLOOKUP(K9, 'Duke 4'!$A$3:$B998,2, 0), 0) -> 1920 | Q9: =IFERROR(VLOOKUP(K9, Proof!$A$3:B998,2, 0), 0) -> 0
A10: =ROW()-1 -> 9 | B10: 2028mlin | C10: =0.35*LARGE(D10:G10,1)+0.35*LARGE(D10:G10,2)+0.2*LARGE(D10:G10,3)+0.1*H10 -> 1594.2222 | D10: =IFERROR(VLOOKUP(B10, 'Duke 1'!A$3:$B$85,2, 0), 0) -> 0 | E10: =IFERROR(VLOOKUP(B10, 'Duke 2'!A$3:$B$522,2, 0), 0) -> 1500 | F10: =IFERROR(VLOOKUP(B10, 'Duke 3'!A$3:$B998,2, 0), 0) -> 1777.7778 | G10: =IFERROR(VLOOKUP(B10, 'Duke 4'!A$3:$B998,2, 0), 0) -> 1920 | H10: =IFERROR(VLOOKUP(B10, Proof!A$2:$B998,2, 0), 0) -> 0 | K10: 2027ahao | L10: =0.3*LARGE(M10:P10,1)+0.3*LARGE(M10:P10,2)+0.2*LARGE(M10:P10,3)+0.2*Q10 -> 1585.0558 | M10: =IFERROR(VLOOKUP(K10, 'Duke 1'!$A$3:$B998,2, 0), 0) -> 1263.1579 | N10: =IFERROR(VLOOKUP(K10, 'Duke 2'!$A$3:$B998,2, 0), 0) -> 1500 | O10: =IFERROR(VLOOKUP(K10, 'Duke 3'!$A$3:$B998,2, 0), 0) -> 1777.7778 | P10: =IFERROR(VLOOKUP(K10, 'Duke 4'!$A$3:$B998,2, 0), 0) -> 960 | Q10: =IFERROR(VLOOKUP(K10, Proof!$A$3:B998,2, 0), 0) -> 1745.4545
A11: =ROW()-1 -> 10 | B11: 2027ahao | C11: =0.35*LARGE(D11:G11,1)+0.35*LARGE(D11:G11,2)+0.2*LARGE(D11:G11,3)+0.1*H11 -> 1574.3993 | D11: =IFERROR(VLOOKUP(B11, 'Duke 1'!A$3:$B$85,2, 0), 0) -> 1263.1579 | E11: =IFERROR(VLOOKUP(B11, 'Duke 2'!A$3:$B$522,2, 0), 0) -> 1500 | F11: =IFERROR(VLOOKUP(B11, 'Duke 3'!A$3:$B998,2, 0), 0) -> 1777.7778 | G11: =IFERROR(VLOOKUP(B11, 'Duke 4'!A$3:$B998,2, 0), 0) -> 960 | H11: =IFERROR(VLOOKUP(B11, Proof!A$2:$B998,2, 0), 0) -> 1745.4545 | K11: 2027itennyso | L11: =0.3*LARGE(M11:P11,1)+0.3*LARGE(M11:P11,2)+0.2*LARGE(M11:P11,3)+0.2*Q11 -> 1526.874 | M11: =IFERROR(VLOOKUP(K11, 'Duke 1'!$A$3:$B998,2, 0), 0) -> 1263.1579 | N11: =IFERROR(VLOOKUP(K11, 'Duke 2'!$A$3:$B998,2, 0), 0) -> 1500 | O11: =IFERROR(VLOOKUP(K11, 'Duke 3'!$A$3:$B998,2, 0), 0) -> 1777.7778 | P11: =IFERROR(VLOOKUP(K11, 'Duke 4'!$A$3:$B998,2, 0), 0) -> 960 | Q11: =IFERROR(VLOOKUP(K11, Proof!$A$3:B998,2, 0), 0) -> 1454.5455
A12: =ROW()-1 -> 11 | B12: 2027itennyso | C12: =0.35*LARGE(D12:G12,1)+0.35*LARGE(D12:G12,2)+0.2*LARGE(D12:G12,3)+0.1*H12 -> 1545.3083 | D12: =IFERROR(VLOOKUP(B12, 'Duke 1'!A$3:$B$85,2, 0), 0) -> 1263.1579 | E12: =IFERROR(VLOOKUP(B12, 'Duke 2'!A$3:$B$522,2, 0), 0) -> 1500 | F12: =IFERROR(VLOOKUP(B12, 'Duke 3'!A$3:$B998,2, 0), 0) -> 1777.7778 | G12: =IFERROR(VLOOKUP(B12, 'Duke 4'!A$3:$B998,2, 0), 0) -> 960 | H12: =IFERROR(VLOOKUP(B12, Proof!A$2:$B998,2, 0), 0) -> 1454.5455 | K12: 2027eguo | L12: =0.3*LARGE(M12:P12,1)+0.3*LARGE(M12:P12,2)+0.2*LARGE(M12:P12,3)+0.2*Q12 -> 1487.8309 | M12: =IFERROR(VLOOKUP(K12, 'Duke 1'!$A$3:$B998,2, 0), 0) -> 631.57895 | N12: =IFERROR(VLOOKUP(K12, 'Duke 2'!$A$3:$B998,2, 0), 0) -> 1500 | O12: =IFERROR(VLOOKUP(K12, 'Duke 3'!$A$3:$B998,2, 0), 0) -> 1777.7778 | P12: =IFERROR(VLOOKUP(K12, 'Duke 4'!$A$3:$B998,2, 0), 0) -> 0 | Q12: =IFERROR(VLOOKUP(K12, Proof!$A$3:B998,2, 0), 0) -> 1890.9091
A13: =ROW()-1 -> 12 | B13: 2027vcao | C13: =0.35*LARGE(D13:G13,1)+0.35*LARGE(D13:G13,2)+0.2*LARGE(D13:G13,3)+0.1*H13 -> 1477.3801 | D13: =IFERROR(VLOOKUP(B13, 'Duke 1'!A$3:$B$85,2, 0), 0) -> 1894.7368 | E13: =IFERROR(VLOOKUP(B13, 'Duke 2'!A$3:$B$522,2, 0), 0) -> 0 | F13: =IFERROR(VLOOKUP(B13, 'Duke 3'!A$3:$B998,2, 0), 0) -> 1777.7778 | G13: =IFERROR(VLOOKUP(B13, 'Duke 4'!A$3:$B998,2, 0), 0) -> 960 | H13: =IFERROR(VLOOKUP(B13, Proof!A$2:$B998,2, 0), 0) -> 0 | K13: 2028mlin | L13: =0.3*LARGE(M13:P13,1)+0.3*LARGE(M13:P13,2)+0.2*LARGE(M13:P13,3)+0.2*Q13 -> 1409.3333 | M13: =IFERROR(VLOOKUP(K13, 'Duke 1'!$A$3:$B998,2, 0), 0) -> 0 | N13: =IFERROR(VLOOKUP(K13, 'Duke 2'!$A$3:$B998,2, 0), 0) -> 1500 | O13: =IFERROR(VLOOKUP(K13, 'Duke 3'!$A$3:$B998,2, 0), 0) -> 1777.7778 | P13: =IFERROR(VLOOKUP(K13, 'Duke 4'!$A$3:$B998,2, 0), 0) -> 1920 | Q13: =IFERROR(VLOOKUP(K13, Proof!$A$3:B998,2, 0), 0) -> 0
A14: =ROW()-1 -> 13 | B14: 2027eguo | C14: =0.35*LARGE(D14:G14,1)+0.35*LARGE(D14:G14,2)+0.2*LARGE(D14:G14,3)+0.1*H14 -> 1462.6289 | D14: =IFERROR(VLOOKUP(B14, 'Duke 1'!A$3:$B$85,2, 0), 0) -> 631.57895 | E14: =IFERROR(VLOOKUP(B14, 'Duke 2'!A$3:$B$522,2, 0), 0) -> 1500 | F14: =IFERROR(VLOOKUP(B14, 'Duke 3'!A$3:$B998,2, 0), 0) -> 1777.7778 | G14: =IFERROR(VLOOKUP(B14, 'Duke 4'!A$3:$B998,2, 0), 0) -> 0 | H14: =IFERROR(VLOOKUP(B14, Proof!A$2:$B998,2, 0), 0) -> 1890.9091 | K14: 2027achu | L14: =0.3*LARGE(M14:P14,1)+0.3*LARGE(M14:P14,2)+0.2*LARGE(M14:P14,3)+0.2*Q14 -> 1385.0431 | M14: =IFERROR(VLOOKUP(K14, 'Duke 1'!$A$3:$B998,2, 0), 0) -> 631.57895 | N14: =IFERROR(VLOOKUP(K14, 'Duke 2'!$A$3:$B998,2, 0), 0) -> 1500 | O14: =IFERROR(VLOOKUP(K14, 'Duke 3'!$A$3:$B998,2, 0), 0) -> 0 | P14: =IFERROR(VLOOKUP(K14, 'Duke 4'!$A$3:$B998,2, 0), 0) -> 1920 | Q14: =IFERROR(VLOOKUP(K14, Proof!$A$3:B998,2, 0), 0) -> 1163.6364
A15: =ROW()-1 -> 14 | B15: 2027achu | C15: =0.35*LARGE(D15:G15,1)+0.35*LARGE(D15:G15,2)+0.2*LARGE(D15:G15,3)+0.1*H15 -> 1439.6794 | D15: =IFERROR(VLOOKUP(B15, 'Duke 1'!A$3:$B$85,2, 0), 0) -> 631.57895 | E15: =IFERROR(VLOOKUP(B15, 'Duke 2'!A$3:$B$522,2, 0), 0) -> 1500 | F15: =IFERROR(VLOOKUP(B15, 'Duke 3'!A$3:$B998,2, 0), 0) -> 0 | G15: =IFERROR(VLOOKUP(B15, 'Duke 4'!A$3:$B998,2, 0), 0) -> 1920 | H15: =IFERROR(VLOOKUP(B15, Proof!A$2:$B998,2, 0), 0) -> 1163.6364 | K15: 2027eshan | L15: =0.3*LARGE(M15:P15,1)+0.3*LARGE(M15:P15,2)+0.2*LARGE(M15:P15,3)+0.2*Q15 -> 1355.8161 | M15: =IFERROR(VLOOKUP(K15, 'Duke 1'!$A$3:$B998,2, 0), 0) -> 1263.1579 | N15: =IFERROR(VLOOKUP(K15, 'Duke 2'!$A$3:$B998,2, 0), 0) -> 1500 | O15: =IFERROR(VLOOKUP(K15, 'Duke 3'!$A$3:$B998,2, 0), 0) -> 888.88889 | P15: =IFERROR(VLOOKUP(K15, 'Duke 4'!$A$3:$B998,2, 0), 0) -> 0 | Q15: =IFERROR(VLOOKUP(K15, Proof!$A$3:B998,2, 0), 0) -> 1745.4545
A16: =ROW()-1 -> 15 | B16: 2026rsingh2 | C16: =0.35*LARGE(D16:G16,1)+0.35*LARGE(D16:G16,2)+0.2*LARGE(D16:G16,3)+0.1*H16 -> 1368.3131 | D16: =IFERROR(VLOOKUP(B16, 'Duke 1'!A$3:$B$85,2, 0), 0) -> 0 | E16: =IFERROR(VLOOKUP(B16, 'Duke 2'!A$3:$B$522,2, 0), 0) -> 1500 | F16: =IFERROR(VLOOKUP(B16, 'Duke 3'!A$3:$B998,2, 0), 0) -> 1777.7778 | G16: =IFERROR(VLOOKUP(B16, 'Duke 4'!A$3:$B998,2, 0), 0) -> 960 | H16: =IFERROR(VLOOKUP(B16, Proof!A$2:$B998,2, 0), 0) -> 290.90909 | K16: 2027vcao | L16: =0.3*LARGE(M16:P16,1)+0.3*LARGE(M16:P16,2)+0.2*LARGE(M16:P16,3)+0.2*Q16 -> 1293.7544 | M16: =IFERROR(VLOOKUP(K16, 'Duke 1'!$A$3:$B998,2, 0), 0) -> 1894.7368 | N16: =IFERROR(VLOOKUP(K16, 'Duke 2'!$A$3:$B998,2, 0), 0) -> 0 | O16: =IFERROR(VLOOKUP(K16, 'Duke 3'!$A$3:$B998,2, 0), 0) -> 1777.7778 | P16: =IFERROR(VLOOKUP(K16, 'Duke 4'!$A$3:$B998,2, 0), 0) -> 960 | Q16: =IFERROR(VLOOKUP(K16, Proof!$A$3:B998,2, 0), 0) -> 0
A17: =ROW()-1 -> 16 | B17: 2029adu | C17: =0.35*LARGE(D17:G17,1)+0.35*LARGE(D17:G17,2)+0.2*LARGE(D17:G17,3)+0.1*H17 -> 1353.7677 | D17: =IFERROR(VLOOKUP(B17, 'Duke 1'!A$3:$B$85,2, 0), 0) -> 631.57895 | E17: =IFERROR(VLOOKUP(B17, 'Duke 2'!A$3:$B$522,2, 0), 0) -> 1500 | F17: =IFERROR(VLOOKUP(B17, 'Duke 3'!A$3:$B998,2, 0), 0) -> 1777.7778 | G17: =IFERROR(VLOOKUP(B17, 'Duke 4'!A$3:$B998,2, 0), 0) -> 960 | H17: =IFERROR(VLOOKUP(B17, Proof!A$2:$B998,2, 0), 0) -> 145.45455 | K17: 2026rsingh2 | L17: =0.3*LARGE(M17:P17,1)+0.3*LARGE(M17:P17,2)+0.2*LARGE(M17:P17,3)+0.2*Q17 -> 1233.5152 | M17: =IFERROR(VLOOKUP(K17, 'Duke 1'!$A$3:$B998,2, 0), 0) -> 0 | N17: =IFERROR(VLOOKUP(K17, 'Duke 2'!$A$3:$B998,2, 0), 0) -> 1500 | O17: =IFERROR(VLOOKUP(K17, 'Duke 3'!$A$3:$B998,2, 0), 0) -> 1777.7778 | P17: =IFERROR(VLOOKUP(K17, 'Duke 4'!$A$3:$B998,2, 0), 0) -> 960 | Q17: =IFERROR(VLOOKUP(K17, Proof!$A$3:B998,2, 0), 0) -> 290.90909
A18: =ROW()-1 -> 17 | B18: 2029jdu | C18: =0.35*LARGE(D18:G18,1)+0.35*LARGE(D18:G18,2)+0.2*LARGE(D18:G18,3)+0.1*H18 -> 1339.2222 | D18: =IFERROR(VLOOKUP(B18, 'Duke 1'!A$3:$B$85,2, 0), 0) -> 0 | E18: =IFERROR(VLOOKUP(B18, 'Duke 2'!A$3:$B$522,2, 0), 0) -> 1500 | F18: =IFERROR(VLOOKUP(B18, 'Duke 3'!A$3:$B998,2, 0), 0) -> 1777.7778 | G18: =IFERROR(VLOOKUP(B18, 'Duke 4'!A$3:$B998,2, 0), 0) -> 960 | H18: =IFERROR(VLOOKUP(B18, Proof!A$2:$B998,2, 0), 0) -> 0 | K18: 2029adu | L18: =0.3*LARGE(M18:P18,1)+0.3*LARGE(M18:P18,2)+0.2*LARGE(M18:P18,3)+0.2*Q18 -> 1204.4242 | M18: =IFERROR(VLOOKUP(K18, 'Duke 1'!$A$3:$B998,2, 0), 0) -> 631.57895 | N18: =IFERROR(VLOOKUP(K18, 'Duke 2'!$A$3:$B998,2, 0), 0) -> 1500 | O18: =IFERROR(VLOOKUP(K18, 'Duke 3'!$A$3:$B998,2, 0), 0) -> 1777.7778 | P18: =IFERROR(VLOOKUP(K18, 'Duke 4'!$A$3:$B998,2, 0), 0) -> 960 | Q18: =IFERROR(VLOOKUP(K18, Proof!$A$3:B998,2, 0), 0) -> 145.45455
A19: =ROW()-1 -> 18 | B19: 2027eshan | C19: =0.35*LARGE(D19:G19,1)+0.35*LARGE(D19:G19,2)+0.2*LARGE(D19:G19,3)+0.1*H19 -> 1319.4285 | D19: =IFERROR(VLOOKUP(B19, 'Duke 1'!A$3:$B$85,2, 0), 0) -> 1263.1579 | E19: =IFERROR(VLOOKUP(B19, 'Duke 2'!A$3:$B$522,2, 0), 0) -> 1500 | F19: =IFERROR(VLOOKUP(B19, 'Duke 3'!A$3:$B998,2, 0), 0) -> 888.88889 | G19: =IFERROR(VLOOKUP(B19, 'Duke 4'!A$3:$B998,2, 0), 0) -> 0 | H19: =IFERROR(VLOOKUP(B19, Proof!A$2:$B998,2, 0), 0) -> 1745.4545 | K19: 2029jdu | L19: =0.3*LARGE(M19:P19,1)+0.3*LARGE(M19:P19,2)+0.2*LARGE(M19:P19,3)+0.2*Q19 -> 1175.3333 | M19: =IFERROR(VLOOKUP(K19, 'Duke 1'!$A$3:$B998,2, 0), 0) -> 0 | N19: =IFERROR(VLOOKUP(K19, 'Duke 2'!$A$3:$B998,2, 0), 0) -> 1500 | O19: =IFERROR(VLOOKUP(K19, 'Duke 3'!$A$3:$B998,2, 0), 0) -> 1777.7778 | P19: =IFERROR(VLOOKUP(K19, 'Duke 4'!$A$3:$B998,2, 0), 0) -> 960 | Q19: =IFERROR(VLOOKUP(K19, Proof!$A$3:B998,2, 0), 0) -> 0
A20: =ROW()-1 -> 19 | B20: 2029nmaloney | C20: =0.35*LARGE(D20:G20,1)+0.35*LARGE(D20:G20,2)+0.2*LARGE(D20:G20,3)+0.1*H20 -> 1271.0526 | D20: =IFERROR(VLOOKUP(B20, 'Duke 1'!A$3:$B$85,2, 0), 0) -> 631.57895 | E20: =IFERROR(VLOOKUP(B20, 'Duke 2'!A$3:$B$522,2, 0), 0) -> 3000 | F20: =IFERROR(VLOOKUP(B20, 'Duke 3'!A$3:$B998,2, 0), 0) -> 0 | G20: =IFERROR(VLOOKUP(B20, 'Duke 4'!A$3:$B998,2, 0), 0) -> 0 | H20: =IFERROR(VLOOKUP(B20, Proof!A$2:$B998,2, 0), 0) -> 0 | K20: 2028yli | L20: =0.3*LARGE(M20:P20,1)+0.3*LARGE(M20:P20,2)+0.2*LARGE(M20:P20,3)+0.2*Q20 -> 1148.5051 | M20: =IFERROR(VLOOKUP(K20, 'Duke 1'!$A$3:$B998,2, 0), 0) -> 631.57895 | N20: =IFERROR(VLOOKUP(K20, 'Duke 2'!$A$3:$B998,2, 0), 0) -> 1500 | O20: =IFERROR(VLOOKUP(K20, 'Duke 3'!$A$3:$B998,2, 0), 0) -> 888.88889 | P20: =IFERROR(VLOOKUP(K20, 'Duke 4'!$A$3:$B998,2, 0), 0) -> 960 | Q20: =IFERROR(VLOOKUP(K20, Proof!$A$3:B998,2, 0), 0) -> 1163.6364
A21: =ROW()-1 -> 20 | B21: 2029sbi | C21: =0.35*LARGE(D21:G21,1)+0.35*LARGE(D21:G21,2)+0.2*LARGE(D21:G21,3)+0.1*H21 -> 1159.1053 | D21: =IFERROR(VLOOKUP(B21, 'Duke 1'!A$3:$B$85,2, 0), 0) -> 1263.1579 | E21: =IFERROR(VLOOKUP(B21, 'Duke 2'!A$3:$B$522,2, 0), 0) -> 1500 | F21: =IFERROR(VLOOKUP(B21, 'Duke 3'!A$3:$B998,2, 0), 0) -> 888.88889 | G21: =IFERROR(VLOOKUP(B21, 'Duke 4'!A$3:$B998,2, 0), 0) -> 960 | H21: =IFERROR(VLOOKUP(B21, Proof!A$2:$B998,2, 0), 0) -> 0 | K21: 2027achakrav | L21: =0.3*LARGE(M21:P21,1)+0.3*LARGE(M21:P21,2)+0.2*LARGE(M21:P21,3)+0.2*Q21 -> 1148.5051 | M21: =IFERROR(VLOOKUP(K21, 'Duke 1'!$A$3:$B998,2, 0), 0) -> 631.57895 | N21: =IFERROR(VLOOKUP(K21, 'Duke 2'!$A$3:$B998,2, 0), 0) -> 1500 | O21: =IFERROR(VLOOKUP(K21, 'Duke 3'!$A$3:$B998,2, 0), 0) -> 888.88889 | P21: =IFERROR(VLOOKUP(K21, 'Duke 4'!$A$3:$B998,2, 0), 0) -> 960 | Q21: =IFERROR(VLOOKUP(K21, Proof!$A$3:B998,2, 0), 0) -> 1163.6364
A22: =ROW()-1 -> 21 | B22: 2028yli | C22: =0.35*LARGE(D22:G22,1)+0.35*LARGE(D22:G22,2)+0.2*LARGE(D22:G22,3)+0.1*H22 -> 1155.1414 | D22: =IFERROR(VLOOKUP(B22, 'Duke 1'!A$3:$B$85,2, 0), 0) -> 631.57895 | E22: =IFERROR(VLOOKUP(B22, 'Duke 2'!A$3:$B$522,2, 0), 0) -> 1500 | F22: =IFERROR(VLOOKUP(B22, 'Duke 3'!A$3:$B998,2, 0), 0) -> 888.88889 | G22: =IFERROR(VLOOKUP(B22, 'Duke 4'!A$3:$B998,2, 0), 0) -> 960 | H22: =IFERROR(VLOOKUP(B22, Proof!A$2:$B998,2, 0), 0) -> 1163.6364 | K22: 2029wli | L22: =0.3*LARGE(M22:P22,1)+0.3*LARGE(M22:P22,2)+0.2*LARGE(M22:P22,3)+0.2*Q22 -> 1119.4141 | M22: =IFERROR(VLOOKUP(K22, 'Duke 1'!$A$3:$B998,2, 0), 0) -> 631.57895 | N22: =IFERROR(VLOOKUP(K22, 'Duke 2'!$A$3:$B998,2, 0), 0) -> 1500 | O22: =IFERROR(VLOOKUP(K22, 'Duke 3'!$A$3:$B998,2, 0), 0) -> 888.88889 | P22: =IFERROR(VLOOKUP(K22, 'Duke 4'!$A$3:$B998,2, 0), 0) -> 960 | Q22: =IFERROR(VLOOKUP(K22, Proof!$A$3:B998,2, 0), 0) -> 1018.1818
A23: =ROW()-1 -> 22 | B23: 2027achakrav | C23: =0.35*LARGE(D23:G23,1)+0.35*LARGE(D23:G23,2)+0.2*LARGE(D23:G23,3)+0.1*H23 -> 1155.1414 | D23: =IFERROR(VLOOKUP(B23, 'Duke 1'!A$3:$B$85,2, 0), 0) -> 631.57895 | E23: =IFERROR(VLOOKUP(B23, 'Duke 2'!A$3:$B$522,2, 0), 0) -> 1500 | F23: =IFERROR(VLOOKUP(B23, 'Duke 3'!A$3:$B998,2, 0), 0) -> 888.88889 | G23: =IFERROR(VLOOKUP(B23, 'Duke 4'!A$3:$B998,2, 0), 0) -> 960 | H23: =IFERROR(VLOOKUP(B23, Proof!A$2:$B998,2, 0), 0) -> 1163.6364 | K23: 2029gbatkhuu | L23: =0.3*LARGE(M23:P23,1)+0.3*LARGE(M23:P23,2)+0.2*LARGE(M23:P23,3)+0.2*Q23 -> 1119.4141 | M23: =IFERROR(VLOOKUP(K23, 'Duke 1'!$A$3:$B998,2, 0), 0) -> 0 | N23: =IFERROR(VLOOKUP(K23, 'Duke 2'!$A$3:$B998,2, 0), 0) -> 1500 | O23: =IFERROR(VLOOKUP(K23, 'Duke 3'!$A$3:$B998,2, 0), 0) -> 888.88889 | P23: =IFERROR(VLOOKUP(K23, 'Duke 4'!$A$3:$B998,2, 0), 0) -> 960 | Q23: =IFERROR(VLOOKUP(K23, Proof!$A$3:B998,2, 0), 0) -> 1018.1818
A24: =ROW()-1 -> 23 | B24: 2028ktabakov | C24: =0.35*LARGE(D24:G24,1)+0.35*LARGE(D24:G24,2)+0.2*LARGE(D24:G24,3)+0.1*H24 -> 1147.2222 | D24: =IFERROR(VLOOKUP(B24, 'Duke 1'!A$3:$B$85,2, 0), 0) -> 0 | E24: =IFERROR(VLOOKUP(B24, 'Duke 2'!A$3:$B$522,2, 0), 0) -> 1500 | F24: =IFERROR(VLOOKUP(B24, 'Duke 3'!A$3:$B998,2, 0), 0) -> 1777.7778 | G24: =IFERROR(VLOOKUP(B24, 'Duke 4'!A$3:$B998,2, 0), 0) -> 0 | H24: =IFERROR(VLOOKUP(B24, Proof!A$2:$B998,2, 0), 0) -> 0 | K24: 2026owu | L24: =0.3*LARGE(M24:P24,1)+0.3*LARGE(M24:P24,2)+0.2*LARGE(M24:P24,3)+0.2*Q24 -> 1119.4141 | M24: =IFERROR(VLOOKUP(K24, 'Duke 1'!$A$3:$B998,2, 0), 0) -> 631.57895 | N24: =IFERROR(VLOOKUP(K24, 'Duke 2'!$A$3:$B998,2, 0), 0) -> 1500 | O24: =IFERROR(VLOOKUP(K24, 'Duke 3'!$A$3:$B998,2, 0), 0) -> 888.88889 | P24: =IFERROR(VLOOKUP(K24, 'Duke 4'!$A$3:$B998,2, 0), 0) -> 960 | Q24: =IFERROR(VLOOKUP(K24, Proof!$A$3:B998,2, 0), 0) -> 1018.1818
A25: =ROW()-1 -> 24 | B25: 2029wli | C25: =0.35*LARGE(D25:G25,1)+0.35*LARGE(D25:G25,2)+0.2*LARGE(D25:G25,3)+0.1*H25 -> 1140.596 | D25: =IFERROR(VLOOKUP(B25, 'Duke 1'!A$3:$B$85,2, 0), 0) -> 631.57895 | E25: =IFERROR(VLOOKUP(B25, 'Duke 2'!A$3:$B$522,2, 0), 0) -> 1500 | F25: =IFERROR(VLOOKUP(B25, 'Duke 3'!A$3:$B998,2, 0), 0) -> 888.88889 | G25: =IFERROR(VLOOKUP(B25, 'Duke 4'!A$3:$B998,2, 0), 0) -> 960 | H25: =IFERROR(VLOOKUP(B25, Proof!A$2:$B998,2, 0), 0) -> 1018.1818 | K25: 2029nmaloney | L25: =0.3*LARGE(M25:P25,1)+0.3*LARGE(M25:P25,2)+0.2*LARGE(M25:P25,3)+0.2*Q25 -> 1089.4737 | M25: =IFERROR(VLOOKUP(K25, 'Duke 1'!$A$3:$B998,2, 0), 0) -> 631.57895 | N25: =IFERROR(VLOOKUP(K25, 'Duke 2'!$A$3:$B998,2, 0), 0) -> 3000 | O25: =IFERROR(VLOOKUP(K25, 'Duke 3'!$A$3:$B998,2, 0), 0) -> 0 | P25: =IFERROR(VLOOKUP(K25, 'Duke 4'!$A$3:$B998,2, 0), 0) -> 0 | Q25: =IFERROR(VLOOKUP(K25, Proof!$A$3:B998,2, 0), 0) -> 0
A26: =ROW()-1 -> 25 | B26: 2029gbatkhuu | C26: =0.35*LARGE(D26:G26,1)+0.35*LARGE(D26:G26,2)+0.2*LARGE(D26:G26,3)+0.1*H26 -> 1140.596 | D26: =IFERROR(VLOOKUP(B26, 'Duke 1'!A$3:$B$85,2, 0), 0) -> 0 | E26: =IFERROR(VLOOKUP(B26, 'Duke 2'!A$3:$B$522,2, 0), 0) -> 1500 | F26: =IFERROR(VLOOKUP(B26, 'Duke 3'!A$3:$B998,2, 0), 0) -> 888.88889 | G26: =IFERROR(VLOOKUP(B26, 'Duke 4'!A$3:$B998,2, 0), 0) -> 960 | H26: =IFERROR(VLOOKUP(B26, Proof!A$2:$B998,2, 0), 0) -> 1018.1818 | K26: 2029sbi | L26: =0.3*LARGE(M26:P26,1)+0.3*LARGE(M26:P26,2)+0.2*LARGE(M26:P26,3)+0.2*Q26 -> 1020.9474 | M26: =IFERROR(VLOOKUP(K26, 'Duke 1'!$A$3:$B998,2, 0), 0) -> 1263.1579 | N26: =IFERROR(VLOOKUP(K26, 'Duke 2'!$A$3:$B998,2, 0), 0) -> 1500 | O26: =IFERROR(VLOOKUP(K26, 'Duke 3'!$A$3:$B998,2, 0), 0) -> 888.88889 | P26: =IFERROR(VLOOKUP(K26, 'Duke 4'!$A$3:$B998,2, 0), 0) -> 960 | Q26: =IFERROR(VLOOKUP(K26, Proof!$A$3:B998,2, 0), 0) -> 0
A27: =ROW()-1 -> 26 | B27: 2026owu | C27: =0.35*LARGE(D27:G27,1)+0.35*LARGE(D27:G27,2)+0.2*LARGE(D27:G27,3)+0.1*H27 -> 1140.596 | D27: =IFERROR(VLOOKUP(B27, 'Duke 1'!A$3:$B$85,2, 0), 0) -> 631.57895 | E27: =IFERROR(VLOOKUP(B27, 'Duke 2'!A$3:$B$522,2, 0), 0) -> 1500 | F27: =IFERROR(VLOOKUP(B27, 'Duke 3'!A$3:$B998,2, 0), 0) -> 888.88889 | G27: =IFERROR(VLOOKUP(B27, 'Duke 4'!A$3:$B998,2, 0), 0) -> 960 | H27: =IFERROR(VLOOKUP(B27, Proof!A$2:$B998,2, 0), 0) -> 1018.1818 | J27: rip paul | K27: 2027pyoo | L27: =0.3*LARGE(M27:P27,1)+0.3*LARGE(M27:P27,2)+0.2*LARGE(M27:P27,3)+0.2*Q27 -> 1020.1212 | M27: =IFERROR(VLOOKUP(K27, 'Duke 1'!$A$3:$B998,2, 0), 0) -> 0 | N27: =IFERROR(VLOOKUP(K27, 'Duke 2'!$A$3:$B998,2, 0), 0) -> 0 | O27: =IFERROR(VLOOKUP(K27, 'Duke 3'!$A$3:$B998,2, 0), 0) -> 888.88889 | P27: =IFERROR(VLOOKUP(K27, 'Duke 4'!$A$3:$B998,2, 0), 0) -> 960 | Q27: =IFERROR(VLOOKUP(K27, Proof!$A$3:B998,2, 0), 0) -> 2327.2727
A28: =ROW()-1 -> 27 | B28: 2028gkeeler | C28: =0.35*LARGE(D28:G28,1)+0.35*LARGE(D28:G28,2)+0.2*LARGE(D28:G28,3)+0.1*H28 -> 1038.7778 | D28: =IFERROR(VLOOKUP(B28, 'Duke 1'!A$3:$B$85,2, 0), 0) -> 0 | E28: =IFERROR(VLOOKUP(B28, 'Duke 2'!A$3:$B$522,2, 0), 0) -> 1500 | F28: =IFERROR(VLOOKUP(B28, 'Duke 3'!A$3:$B998,2, 0), 0) -> 888.88889 | G28: =IFERROR(VLOOKUP(B28, 'Duke 4'!A$3:$B998,2, 0), 0) -> 960 | H28: =IFERROR(VLOOKUP(B28, Proof!A$2:$B998,2, 0), 0) -> 0 | K28: 2028ktabakov | L28: =0.3*LARGE(M28:P28,1)+0.3*LARGE(M28:P28,2)+0.2*LARGE(M28:P28,3)+0.2*Q28 -> 983.33333 | M28: =IFERROR(VLOOKUP(K28, 'Duke 1'!$A$3:$B998,2, 0), 0) -> 0 | N28: =IFERROR(VLOOKUP(K28, 'Duke 2'!$A$3:$B998,2, 0), 0) -> 1500 | O28: =IFERROR(VLOOKUP(K28, 'Duke 3'!$A$3:$B998,2, 0), 0) -> 1777.7778 | P28: =IFERROR(VLOOKUP(K28, 'Duke 4'!$A$3:$B998,2, 0), 0) -> 0 | Q28: =IFERROR(VLOOKUP(K28, Proof!$A$3:B998,2, 0), 0) -> 0
A29: =ROW()-1 -> 28 | B29: 2027mbu | C29: =0.35*LARGE(D29:G29,1)+0.35*LARGE(D29:G29,2)+0.2*LARGE(D29:G29,3)+0.1*H29 -> 1038.7778 | D29: =IFERROR(VLOOKUP(B29, 'Duke 1'!A$3:$B$85,2, 0), 0) -> 631.57895 | E29: =IFERROR(VLOOKUP(B29, 'Duke 2'!A$3:$B$522,2, 0), 0) -> 1500 | F29: =IFERROR(VLOOKUP(B29, 'Duke 3'!A$3:$B998,2, 0), 0) -> 888.88889 | G29: =IFERROR(VLOOKUP(B29, 'Duke 4'!A$3:$B998,2, 0), 0) -> 960 | H29: =IFERROR(VLOOKUP(B29, Proof!A$2:$B998,2, 0), 0) -> 0 | K29: 2028gkeeler | L29: =0.3*LARGE(M29:P29,1)+0.3*LARGE(M29:P29,2)+0.2*LARGE(M29:P29,3)+0.2*Q29 -> 915.77778 | M29: =IFERROR(VLOOKUP(K29, 'Duke 1'!$A$3:$B998,2, 0), 0) -> 0 | N29: =IFERROR(VLOOKUP(K29, 'Duke 2'!$A$3:$B998,2, 0), 0) -> 1500 | O29: =IFERROR(VLOOKUP(K29, 'Duke 3'!$A$3:$B998,2, 0), 0) -> 888.88889 | P29: =IFERROR(VLOOKUP(K29, 'Duke 4'!$A$3:$B998,2, 0), 0) -> 960 | Q29: =IFERROR(VLOOKUP(K29, Proof!$A$3:B998,2, 0), 0) -> 0
A30: =ROW()-1 -> 29 | B30: 2027eqiu | C30: =0.35*LARGE(D30:G30,1)+0.35*LARGE(D30:G30,2)+0.2*LARGE(D30:G30,3)+0.1*H30 -> 1038.7778 | D30: =IFERROR(VLOOKUP(B30, 'Duke 1'!A$3:$B$85,2, 0), 0) -> 631.57895 | E30: =IFERROR(VLOOKUP(B30, 'Duke 2'!A$3:$B$522,2, 0), 0) -> 1500 | F30: =IFERROR(VLOOKUP(B30, 'Duke 3'!A$3:$B998,2, 0), 0) -> 888.88889 | G30: =IFERROR(VLOOKUP(B30, 'Duke 4'!A$3:$B998,2, 0), 0) -> 960 | H30: =IFERROR(VLOOKUP(B30, Proof!A$2:$B998,2, 0), 0) -> 0 | K30: 2027mbu | L30: =0.3*LARGE(M30:P30,1)+0.3*LARGE(M30:P30,2)+0.2*LARGE(M30:P30,3)+0.2*Q30 -> 915.77778 | M30: =IFERROR(VLOOKUP(K30, 'Duke 1'!$A$3:$B998,2, 0), 0) -> 631.57895 | N30: =IFERROR(VLOOKUP(K30, 'Duke 2'!$A$3:$B998,2, 0), 0) -> 1500 | O30: =IFERROR(VLOOKUP(K30, 'Duke 3'!$A$3:$B998,2, 0), 0) -> 888.88889 | P30: =IFERROR(VLOOKUP(K30, 'Duke 4'!$A$3:$B998,2, 0), 0) -> 960 | Q30: =IFERROR(VLOOKUP(K30, Proof!$A$3:B998,2, 0), 0) -> 0
A31: =ROW()-1 -> 30 | B31: 2026cmorimot | C31: =0.35*LARGE(D31:G31,1)+0.35*LARGE(D31:G31,2)+0.2*LARGE(D31:G31,3)+0.1*H31 -> 1038.7778 | D31: =IFERROR(VLOOKUP(B31, 'Duke 1'!A$3:$B$85,2, 0), 0) -> 0 | E31: =IFERROR(VLOOKUP(B31, 'Duke 2'!A$3:$B$522,2, 0), 0) -> 1500 | F31: =IFERROR(VLOOKUP(B31, 'Duke 3'!A$3:$B998,2, 0), 0) -> 888.88889 | G31: =IFERROR(VLOOKUP(B31, 'Duke 4'!A$3:$B998,2, 0), 0) -> 960 | H31: =IFERROR(VLOOKUP(B31, Proof!A$2:$B998,2, 0), 0) -> 0 | K31: 2027eqiu | L31: =0.3*LARGE(M31:P31,1)+0.3*LARGE(M31:P31,2)+0.2*LARGE(M31:P31,3)+0.2*Q31 -> 915.77778 | M31: =IFERROR(VLOOKUP(K31, 'Duke 1'!$A$3:$B998,2, 0), 0) -> 631.57895 | N31: =IFERROR(VLOOKUP(K31, 'Duke 2'!$A$3:$B998,2, 0), 0) -> 1500 | O31: =IFERROR(VLOOKUP(K31, 'Duke 3'!$A$3:$B998,2, 0), 0) -> 888.88889 | P31: =IFERROR(VLOOKUP(K31, 'Duke 4'!$A$3:$B998,2, 0), 0) -> 960 | Q31: =IFERROR(VLOOKUP(K31, Proof!$A$3:B998,2, 0), 0) -> 0
A32: =ROW()-1 -> 31 | B32: 2027sbisht | C32: =0.35*LARGE(D32:G32,1)+0.35*LARGE(D32:G32,2)+0.2*LARGE(D32:G32,3)+0.1*H32 -> 987.31579 | D32: =IFERROR(VLOOKUP(B32, 'Duke 1'!A$3:$B$85,2, 0), 0) -> 631.57895 | E32: =IFERROR(VLOOKUP(B32, 'Duke 2'!A$3:$B$522,2, 0), 0) -> 1500 | F32: =IFERROR(VLOOKUP(B32, 'Duke 3'!A$3:$B998,2, 0), 0) -> 0 | G32: =IFERROR(VLOOKUP(B32, 'Duke 4'!A$3:$B998,2, 0), 0) -> 960 | H32: =IFERROR(VLOOKUP(B32, Proof!A$2:$B998,2, 0), 0) -> 0 | K32: 2026cmorimot | L32: =0.3*LARGE(M32:P32,1)+0.3*LARGE(M32:P32,2)+0.2*LARGE(M32:P32,3)+0.2*Q32 -> 915.77778 | M32: =IFERROR(VLOOKUP(K32, 'Duke 1'!$A$3:$B998,2, 0), 0) -> 0 | N32: =IFERROR(VLOOKUP(K32, 'Duke 2'!$A$3:$B998,2, 0), 0) -> 1500 | O32: =IFERROR(VLOOKUP(K32, 'Duke 3'!$A$3:$B998,2, 0), 0) -> 888.88889 | P32: =IFERROR(VLOOKUP(K32, 'Duke 4'!$A$3:$B998,2, 0), 0) -> 960 | Q32: =IFERROR(VLOOKUP(K32, Proof!$A$3:B998,2, 0), 0) -> 0
A33: =ROW()-1 -> 32 | B33: 2027nliang | C33: =0.35*LARGE(D33:G33,1)+0.35*LARGE(D33:G33,2)+0.2*LARGE(D33:G33,3)+0.1*H33 -> 987.31579 | D33: =IFERROR(VLOOKUP(B33, 'Duke 1'!A$3:$B$85,2, 0), 0) -> 631.57895 | E33: =IFERROR(VLOOKUP(B33, 'Duke 2'!A$3:$B$522,2, 0), 0) -> 1500 | F33: =IFERROR(VLOOKUP(B33, 'Duke 3'!A$3:$B998,2, 0), 0) -> 0 | G33: =IFERROR(VLOOKUP(B33, 'Duke 4'!A$3:$B998,2, 0), 0) -> 960 | H33: =IFERROR(VLOOKUP(B33, Proof!A$2:$B998,2, 0), 0) -> 0 | K33: 2028athota | L33: =0.3*LARGE(M33:P33,1)+0.3*LARGE(M33:P33,2)+0.2*LARGE(M33:P33,3)+0.2*Q33 -> 872.07337 | M33: =IFERROR(VLOOKUP(K33, 'Duke 1'!$A$3:$B998,2, 0), 0) -> 631.57895 | N33: =IFERROR(VLOOKUP(K33, 'Duke 2'!$A$3:$B998,2, 0), 0) -> 1500 | O33: =IFERROR(VLOOKUP(K33, 'Duke 3'!$A$3:$B998,2, 0), 0) -> 888.88889 | P33: =IFERROR(VLOOKUP(K33, 'Duke 4'!$A$3:$B998,2, 0), 0) -> 0 | Q33: =IFERROR(VLOOKUP(K33, Proof!$A$3:B998,2, 0), 0) -> 145.45455
A34: =ROW()-1 -> 33 | B34: 2028athota | C34: =0.35*LARGE(D34:G34,1)+0.35*LARGE(D34:G34,2)+0.2*LARGE(D34:G34,3)+0.1*H34 -> 976.97236 | D34: =IFERROR(VLOOKUP(B34, 'Duke 1'!A$3:$B$85,2, 0), 0) -> 631.57895 | E34: =IFERROR(VLOOKUP(B34, 'Duke 2'!A$3:$B$522,2, 0), 0) -> 1500 | F34: =IFERROR(VLOOKUP(B34, 'Duke 3'!A$3:$B998,2, 0), 0) -> 888.88889 | G34: =IFERROR(VLOOKUP(B34, 'Duke 4'!A$3:$B998,2, 0), 0) -> 0 | H34: =IFERROR(VLOOKUP(B34, Proof!A$2:$B998,2, 0), 0) -> 145.45455 | K34: 2027sbisht | L34: =0.3*LARGE(M34:P34,1)+0.3*LARGE(M34:P34,2)+0.2*LARGE(M34:P34,3)+0.2*Q34 -> 864.31579 | M34: =IFERROR(VLOOKUP(K34, 'Duke 1'!$A$3:$B998,2, 0), 0) -> 631.57895 | N34: =IFERROR(VLOOKUP(K34, 'Duke 2'!$A$3:$B998,2, 0), 0) -> 1500 | O34: =IFERROR(VLOOKUP(K34, 'Duke 3'!$A$3:$B998,2, 0), 0) -> 0 | P34: =IFERROR(VLOOKUP(K34, 'Duke 4'!$A$3:$B998,2, 0), 0) -> 960 | Q34: =IFERROR(VLOOKUP(K34, Proof!$A$3:B998,2, 0), 0) -> 0
A35: =ROW()-1 -> 34 | B35: 2027pyoo | C35: =0.35*LARGE(D35:G35,1)+0.35*LARGE(D35:G35,2)+0.2*LARGE(D35:G35,3)+0.1*H35 -> 879.83838 | D35: =IFERROR(VLOOKUP(B35, 'Duke 1'!A$3:$B$85,2, 0), 0) -> 0 | E35: =IFERROR(VLOOKUP(B35, 'Duke 2'!A$3:$B$522,2, 0), 0) -> 0 | F35: =IFERROR(VLOOKUP(B35, 'Duke 3'!A$3:$B998,2, 0), 0) -> 888.88889 | G35: =IFERROR(VLOOKUP(B35, 'Duke 4'!A$3:$B998,2, 0), 0) -> 960 | H35: =IFERROR(VLOOKUP(B35, Proof!A$2:$B998,2, 0), 0) -> 2327.2727 | K35: 2027nliang | L35: =0.3*LARGE(M35:P35,1)+0.3*LARGE(M35:P35,2)+0.2*LARGE(M35:P35,3)+0.2*Q35 -> 864.31579 | M35: =IFERROR(VLOOKUP(K35, 'Duke 1'!$A$3:$B998,2, 0), 0) -> 631.57895 | N35: =IFERROR(VLOOKUP(K35, 'Duke 2'!$A$3:$B998,2, 0), 0) -> 1500 | O35: =IFERROR(VLOOKUP(K35, 'Duke 3'!$A$3:$B998,2, 0), 0) -> 0 | P35: =IFERROR(VLOOKUP(K35, 'Duke 4'!$A$3:$B998,2, 0), 0) -> 960 | Q35: =IFERROR(VLOOKUP(K35, Proof!$A$3:B998,2, 0), 0) -> 0
A36: =ROW()-1 -> 35 | B36: 2029mkim1 | C36: =0.35*LARGE(D36:G36,1)+0.35*LARGE(D36:G36,2)+0.2*LARGE(D36:G36,3)+0.1*H36 -> 875.54545 | D36: =IFERROR(VLOOKUP(B36, 'Duke 1'!A$3:$B$85,2, 0), 0) -> 0 | E36: =IFERROR(VLOOKUP(B36, 'Duke 2'!A$3:$B$522,2, 0), 0) -> 1500 | F36: =IFERROR(VLOOKUP(B36, 'Duke 3'!A$3:$B998,2, 0), 0) -> 0 | G36: =IFERROR(VLOOKUP(B36, 'Duke 4'!A$3:$B998,2, 0), 0) -> 960 | H36: =IFERROR(VLOOKUP(B36, Proof!A$2:$B998,2, 0), 0) -> 145.45455 | K36: 2028aliu | L36: =0.3*LARGE(M36:P36,1)+0.3*LARGE(M36:P36,2)+0.2*LARGE(M36:P36,3)+0.2*Q36 -> 814.54545 | M36: =IFERROR(VLOOKUP(K36, 'Duke 1'!$A$3:$B998,2, 0), 0) -> 0 | N36: =IFERROR(VLOOKUP(K36, 'Duke 2'!$A$3:$B998,2, 0), 0) -> 0 | O36: =IFERROR(VLOOKUP(K36, 'Duke 3'!$A$3:$B998,2, 0), 0) -> 0 | P36: =IFERROR(VLOOKUP(K36, 'Duke 4'!$A$3:$B998,2, 0), 0) -> 0 | Q36: =IFERROR(VLOOKUP(K36, Proof!$A$3:B998,2, 0), 0) -> 4072.7273
A37: =ROW()-1 -> 36 | B37: 2029achennad | C37: =0.35*LARGE(D37:G37,1)+0.35*LARGE(D37:G37,2)+0.2*LARGE(D37:G37,3)+0.1*H37 -> 875.54545 | D37: =IFERROR(VLOOKUP(B37, 'Duke 1'!A$3:$B$85,2, 0), 0) -> 0 | E37: =IFERROR(VLOOKUP(B37, 'Duke 2'!A$3:$B$522,2, 0), 0) -> 1500 | F37: =IFERROR(VLOOKUP(B37, 'Duke 3'!A$3:$B998,2, 0), 0) -> 0 | G37: =IFERROR(VLOOKUP(B37, 'Duke 4'!A$3:$B998,2, 0), 0) -> 960 | H37: =IFERROR(VLOOKUP(B37, Proof!A$2:$B998,2, 0), 0) -> 145.45455 | K37: 2029mkim1 | L37: =0.3*LARGE(M37:P37,1)+0.3*LARGE(M37:P37,2)+0.2*LARGE(M37:P37,3)+0.2*Q37 -> 767.09091 | M37: =IFERROR(VLOOKUP(K37, 'Duke 1'!$A$3:$B998,2, 0), 0) -> 0 | N37: =IFERROR(VLOOKUP(K37, 'Duke 2'!$A$3:$B998,2, 0), 0) -> 1500 | O37: =IFERROR(VLOOKUP(K37, 'Duke 3'!$A$3:$B998,2, 0), 0) -> 0 | P37: =IFERROR(VLOOKUP(K37, 'Duke 4'!$A$3:$B998,2, 0), 0) -> 960 | Q37: =IFERROR(VLOOKUP(K37, Proof!$A$3:B998,2, 0), 0) -> 145.45455
A38: =ROW()-1 -> 37 | B38: 2028dhe | C38: =0.35*LARGE(D38:G38,1)+0.35*LARGE(D38:G38,2)+0.2*LARGE(D38:G38,3)+0.1*H38 -> 875.54545 | D38: =IFERROR(VLOOKUP(B38, 'Duke 1'!A$3:$B$85,2, 0), 0) -> 0 | E38: =IFERROR(VLOOKUP(B38, 'Duke 2'!A$3:$B$522,2, 0), 0) -> 1500 | F38: =IFERROR(VLOOKUP(B38, 'Duke 3'!A$3:$B998,2, 0), 0) -> 0 | G38: =IFERROR(VLOOKUP(B38, 'Duke 4'!A$3:$B998,2, 0), 0) -> 960 | H38: =IFERROR(VLOOKUP(B38, Proof!A$2:$B998,2, 0), 0) -> 145.45455 | K38: 2029achennad | L38: =0.3*LARGE(M38:P38,1)+0.3*LARGE(M38:P38,2)+0.2*LARGE(M38:P38,3)+0.2*Q38 -> 767.09091 | M38: =IFERROR(VLOOKUP(K38, 'Duke 1'!$A$3:$B998,2, 0), 0) -> 0 | N38: =IFERROR(VLOOKUP(K38, 'Duke 2'!$A$3:$B998,2, 0), 0) -> 1500 | O38: =IFERROR(VLOOKUP(K38, 'Duke 3'!$A$3:$B998,2, 0), 0) -> 0 | P38: =IFERROR(VLOOKUP(K38, 'Duke 4'!$A$3:$B998,2, 0), 0) -> 960 | Q38: =IFERROR(VLOOKUP(K38, Proof!$A$3:B998,2, 0), 0) -> 145.45455
A39: =ROW()-1 -> 38 | B39: 2029yahn | C39: =0.35*LARGE(D39:G39,1)+0.35*LARGE(D39:G39,2)+0.2*LARGE(D39:G39,3)+0.1*H39 -> 861 | D39: =IFERROR(VLOOKUP(B39, 'Duke 1'!A$3:$B$85,2, 0), 0) -> 0 | E39: =IFERROR(VLOOKUP(B39, 'Duke 2'!A$3:$B$522,2, 0), 0) -> 1500 | F39: =IFERROR(VLOOKUP(B39, 'Duke 3'!A$3:$B998,2, 0), 0) -> 0 | G39: =IFERROR(VLOOKUP(B39, 'Duke 4'!A$3:$B998,2, 0), 0) -> 960 | H39: =IFERROR(VLOOKUP(B39, Proof!A$2:$B998,2, 0), 0) -> 0 | K39: 2028dhe | L39: =0.3*LARGE(M39:P39,1)+0.3*LARGE(M39:P39,2)+0.2*LARGE(M39:P39,3)+0.2*Q39 -> 767.09091 | M39: =IFERROR(VLOOKUP(K39, 'Duke 1'!$A$3:$B998,2, 0), 0) -> 0 | N39: =IFERROR(VLOOKUP(K39, 'Duke 2'!$A$3:$B998,2, 0), 0) -> 1500 | O39: =IFERROR(VLOOKUP(K39, 'Duke 3'!$A$3:$B998,2, 0), 0) -> 0 | P39: =IFERROR(VLOOKUP(K39, 'Duke 4'!$A$3:$B998,2, 0), 0) -> 960 | Q39: =IFERROR(VLOOKUP(K39, Proof!$A$3:B998,2, 0), 0) -> 145.45455
A40: =ROW()-1 -> 39 | B40: 2029amahapat | C40: =0.35*LARGE(D40:G40,1)+0.35*LARGE(D40:G40,2)+0.2*LARGE(D40:G40,3)+0.1*H40 -> 861 | D40: =IFERROR(VLOOKUP(B40, 'Duke 1'!A$3:$B$85,2, 0), 0) -> 0 | E40: =IFERROR(VLOOKUP(B40, 'Duke 2'!A$3:$B$522,2, 0), 0) -> 1500 | F40: =IFERROR(VLOOKUP(B40, 'Duke 3'!A$3:$B998,2, 0), 0) -> 0 | G40: =IFERROR(VLOOKUP(B40, 'Duke 4'!A$3:$B998,2, 0), 0) -> 960 | H40: =IFERROR(VLOOKUP(B40, Proof!A$2:$B998,2, 0), 0) -> 0 | K40: 2029bwang | L40: =0.3*LARGE(M40:P40,1)+0.3*LARGE(M40:P40,2)+0.2*LARGE(M40:P40,3)+0.2*Q40 -> 745.75758 | M40: =IFERROR(VLOOKUP(K40, 'Duke 1'!$A$3:$B998,2, 0), 0) -> 0 | N40: =IFERROR(VLOOKUP(K40, 'Duke 2'!$A$3:$B998,2, 0), 0) -> 1500 | O40: =IFERROR(VLOOKUP(K40, 'Duke 3'!$A$3:$B998,2, 0), 0) -> 888.88889 | P40: =IFERROR(VLOOKUP(K40, 'Duke 4'!$A$3:$B998,2, 0), 0) -> 0 | Q40: =IFERROR(VLOOKUP(K40, Proof!$A$3:B998,2, 0), 0) -> 145.45455
A41: =ROW()-1 -> 40 | B41: 2028sari | C41: =0.35*LARGE(D41:G41,1)+0.35*LARGE(D41:G41,2)+0.2*LARGE(D41:G41,3)+0.1*H41 -> 861 | D41: =IFERROR(VLOOKUP(B41, 'Duke 1'!A$3:$B$85,2, 0), 0) -> 0 | E41: =IFERROR(VLOOKUP(B41, 'Duke 2'!A$3:$B$522,2, 0), 0) -> 1500 | F41: =IFERROR(VLOOKUP(B41, 'Duke 3'!A$3:$B998,2, 0), 0) -> 0 | G41: =IFERROR(VLOOKUP(B41, 'Duke 4'!A$3:$B998,2, 0), 0) -> 960 | H41: =IFERROR(VLOOKUP(B41, Proof!A$2:$B998,2, 0), 0) -> 0 | K41: 2029yahn | L41: =0.3*LARGE(M41:P41,1)+0.3*LARGE(M41:P41,2)+0.2*LARGE(M41:P41,3)+0.2*Q41 -> 738 | M41: =IFERROR(VLOOKUP(K41, 'Duke 1'!$A$3:$B998,2, 0), 0) -> 0 | N41: =IFERROR(VLOOKUP(K41, 'Duke 2'!$A$3:$B998,2, 0), 0) -> 1500 | O41: =IFERROR(VLOOKUP(K41, 'Duke 3'!$A$3:$B998,2, 0), 0) -> 0 | P41: =IFERROR(VLOOKUP(K41, 'Duke 4'!$A$3:$B998,2, 0), 0) -> 960 | Q41: =IFERROR(VLOOKUP(K41, Proof!$A$3:B998,2, 0), 0) -> 0
A42: =ROW()-1 -> 41 | B42: 2028rzhao | C42: =0.35*LARGE(D42:G42,1)+0.35*LARGE(D42:G42,2)+0.2*LARGE(D42:G42,3)+0.1*H42 -> 861 | D42: =IFERROR(VLOOKUP(B42, 'Duke 1'!A$3:$B$85,2, 0), 0) -> 0 | E42: =IFERROR(VLOOKUP(B42, 'Duke 2'!A$3:$B$522,2, 0), 0) -> 1500 | F42: =IFERROR(VLOOKUP(B42, 'Duke 3'!A$3:$B998,2, 0), 0) -> 0 | G42: =IFERROR(VLOOKUP(B42, 'Duke 4'!A$3:$B998,2, 0), 0) -> 960 | H42: =IFERROR(VLOOKUP(B42, Proof!A$2:$B998,2, 0), 0) -> 0 | K42: 2029amahapat | L42: =0.3*LARGE(M42:P42,1)+0.3*LARGE(M42:P42,2)+0.2*LARGE(M42:P42,3)+0.2*Q42 -> 738 | M42: =IFERROR(VLOOKUP(K42, 'Duke 1'!$A$3:$B998,2, 0), 0) -> 0 | N42: =IFERROR(VLOOKUP(K42, 'Duke 2'!$A$3:$B998,2, 0), 0) -> 1500 | O42: =IFERROR(VLOOKUP(K42, 'Duke 3'!$A$3:$B998,2, 0), 0) -> 0 | P42: =IFERROR(VLOOKUP(K42, 'Duke 4'!$A$3:$B998,2, 0), 0) -> 960 | Q42: =IFERROR(VLOOKUP(K42, Proof!$A$3:B998,2, 0), 0) -> 0
A43: =ROW()-1 -> 42 | B43: 2028dvladimi | C43: =0.35*LARGE(D43:G43,1)+0.35*LARGE(D43:G43,2)+0.2*LARGE(D43:G43,3)+0.1*H43 -> 861 | D43: =IFERROR(VLOOKUP(B43, 'Duke 1'!A$3:$B$85,2, 0), 0) -> 0 | E43: =IFERROR(VLOOKUP(B43, 'Duke 2'!A$3:$B$522,2, 0), 0) -> 1500 | F43: =IFERROR(VLOOKUP(B43, 'Duke 3'!A$3:$B998,2, 0), 0) -> 0 | G43: =IFERROR(VLOOKUP(B43, 'Duke 4'!A$3:$B998,2, 0), 0) -> 960 | H43: =IFERROR(VLOOKUP(B43, Proof!A$2:$B998,2, 0), 0) -> 0 | K43: 2028sari | L43: =0.3*LARGE(M43:P43,1)+0.3*LARGE(M43:P43,2)+0.2*LARGE(M43:P43,3)+0.2*Q43 -> 738 | M43: =IFERROR(VLOOKUP(K43, 'Duke 1'!$A$3:$B998,2, 0), 0) -> 0 | N43: =IFERROR(VLOOKUP(K43, 'Duke 2'!$A$3:$B998,2, 0), 0) -> 1500 | O43: =IFERROR(VLOOKUP(K43, 'Duke 3'!$A$3:$B998,2, 0), 0) -> 0 | P43: =IFERROR(VLOOKUP(K43, 'Duke 4'!$A$3:$B998,2, 0), 0) -> 960 | Q43: =IFERROR(VLOOKUP(K43, Proof!$A$3:B998,2, 0), 0) -> 0
A44: =ROW()-1 -> 43 | B44: 2029bwang | C44: =0.35*LARGE(D44:G44,1)+0.35*LARGE(D44:G44,2)+0.2*LARGE(D44:G44,3)+0.1*H44 -> 850.65657 | D44: =IFERROR(VLOOKUP(B44, 'Duke 1'!A$3:$B$85,2, 0), 0) -> 0 | E44: =IFERROR(VLOOKUP(B44, 'Duke 2'!A$3:$B$522,2, 0), 0) -> 1500 | F44: =IFERROR(VLOOKUP(B44, 'Duke 3'!A$3:$B998,2, 0), 0) -> 888.88889 | G44: =IFERROR(VLOOKUP(B44, 'Duke 4'!A$3:$B998,2, 0), 0) -> 0 | H44: =IFERROR(VLOOKUP(B44, Proof!A$2:$B998,2, 0), 0) -> 145.45455 | K44: 2028rzhao | L44: =0.3*LARGE(M44:P44,1)+0.3*LARGE(M44:P44,2)+0.2*LARGE(M44:P44,3)+0.2*Q44 -> 738 | M44: =IFERROR(VLOOKUP(K44, 'Duke 1'!$A$3:$B998,2, 0), 0) -> 0 | N44: =IFERROR(VLOOKUP(K44, 'Duke 2'!$A$3:$B998,2, 0), 0) -> 1500 | O44: =IFERROR(VLOOKUP(K44, 'Duke 3'!$A$3:$B998,2, 0), 0) -> 0 | P44: =IFERROR(VLOOKUP(K44, 'Duke 4'!$A$3:$B998,2, 0), 0) -> 960 | Q44: =IFERROR(VLOOKUP(K44, Proof!$A$3:B998,2, 0), 0) -> 0
A45: =ROW()-1 -> 44 | B45: 2029snandaku | C45: =0.35*LARGE(D45:G45,1)+0.35*LARGE(D45:G45,2)+0.2*LARGE(D45:G45,3)+0.1*H45 -> 836.11111 | D45: =IFERROR(VLOOKUP(B45, 'Duke 1'!A$3:$B$85,2, 0), 0) -> 0 | E45: =IFERROR(VLOOKUP(B45, 'Duke 2'!A$3:$B$522,2, 0), 0) -> 1500 | F45: =IFERROR(VLOOKUP(B45, 'Duke 3'!A$3:$B998,2, 0), 0) -> 888.88889 | G45: =IFERROR(VLOOKUP(B45, 'Duke 4'!A$3:$B998,2, 0), 0) -> 0 | H45: =IFERROR(VLOOKUP(B45, Proof!A$2:$B998,2, 0), 0) -> 0 | K45: 2028dvladimi | L45: =0.3*LARGE(M45:P45,1)+0.3*LARGE(M45:P45,2)+0.2*LARGE(M45:P45,3)+0.2*Q45 -> 738 | M45: =IFERROR(VLOOKUP(K45, 'Duke 1'!$A$3:$B998,2, 0), 0) -> 0 | N45: =IFERROR(VLOOKUP(K45, 'Duke 2'!$A$3:$B998,2, 0), 0) -> 1500 | O45: =IFERROR(VLOOKUP(K45, 'Duke 3'!$A$3:$B998,2, 0), 0) -> 0 | P45: =IFERROR(VLOOKUP(K45, 'Duke 4'!$A$3:$B998,2, 0), 0) -> 960 | Q45: =IFERROR(VLOOKUP(K45, Proof!$A$3:B998,2, 0), 0) -> 0
A46: =ROW()-1 -> 45 | B46: 2029lzhao | C46: =0.35*LARGE(D46:G46,1)+0.35*LARGE(D46:G46,2)+0.2*LARGE(D46:G46,3)+0.1*H46 -> 836.11111 | D46: =IFERROR(VLOOKUP(B46, 'Duke 1'!A$3:$B$85,2, 0), 0) -> 0 | E46: =IFERROR(VLOOKUP(B46, 'Duke 2'!A$3:$B$522,2, 0), 0) -> 1500 | F46: =IFERROR(VLOOKUP(B46, 'Duke 3'!A$3:$B998,2, 0), 0) -> 888.88889 | G46: =IFERROR(VLOOKUP(B46, 'Duke 4'!A$3:$B998,2, 0), 0) -> 0 | H46: =IFERROR(VLOOKUP(B46, Proof!A$2:$B998,2, 0), 0) -> 0 | K46: 2029snandaku | L46: =0.3*LARGE(M46:P46,1)+0.3*LARGE(M46:P46,2)+0.2*LARGE(M46:P46,3)+0.2*Q46 -> 716.66667 | M46: =IFERROR(VLOOKUP(K46, 'Duke 1'!$A$3:$B998,2, 0), 0) -> 0 | N46: =IFERROR(VLOOKUP(K46, 'Duke 2'!$A$3:$B998,2, 0), 0) -> 1500 | O46: =IFERROR(VLOOKUP(K46, 'Duke 3'!$A$3:$B998,2, 0), 0) -> 888.88889 | P46: =IFERROR(VLOOKUP(K46, 'Duke 4'!$A$3:$B998,2, 0), 0) -> 0 | Q46: =IFERROR(VLOOKUP(K46, Proof!$A$3:B998,2, 0), 0) -> 0
A47: =ROW()-1 -> 46 | B47: 2029lkim | C47: =0.35*LARGE(D47:G47,1)+0.35*LARGE(D47:G47,2)+0.2*LARGE(D47:G47,3)+0.1*H47 -> 836.11111 | D47: =IFERROR(VLOOKUP(B47, 'Duke 1'!A$3:$B$85,2, 0), 0) -> 0 | E47: =IFERROR(VLOOKUP(B47, 'Duke 2'!A$3:$B$522,2, 0), 0) -> 1500 | F47: =IFERROR(VLOOKUP(B47, 'Duke 3'!A$3:$B998,2, 0), 0) -> 888.88889 | G47: =IFERROR(VLOOKUP(B47, 'Duke 4'!A$3:$B998,2, 0), 0) -> 0 | H47: =IFERROR(VLOOKUP(B47, Proof!A$2:$B998,2, 0), 0) -> 0 | K47: 2029lzhao | L47: =0.3*LARGE(M47:P47,1)+0.3*LARGE(M47:P47,2)+0.2*LARGE(M47:P47,3)+0.2*Q47 -> 716.66667 | M47: =IFERROR(VLOOKUP(K47, 'Duke 1'!$A$3:$B998,2, 0), 0) -> 0 | N47: =IFERROR(VLOOKUP(K47, 'Duke 2'!$A$3:$B998,2, 0), 0) -> 1500 | O47: =IFERROR(VLOOKUP(K47, 'Duke 3'!$A$3:$B998,2, 0), 0) -> 888.88889 | P47: =IFERROR(VLOOKUP(K47, 'Duke 4'!$A$3:$B998,2, 0), 0) -> 0 | Q47: =IFERROR(VLOOKUP(K47, Proof!$A$3:B998,2, 0), 0) -> 0
A48: =ROW()-1 -> 47 | B48: 2028cwang | C48: =0.35*LARGE(D48:G48,1)+0.35*LARGE(D48:G48,2)+0.2*LARGE(D48:G48,3)+0.1*H48 -> 836.11111 | D48: =IFERROR(VLOOKUP(B48, 'Duke 1'!A$3:$B$85,2, 0), 0) -> 0 | E48: =IFERROR(VLOOKUP(B48, 'Duke 2'!A$3:$B$522,2, 0), 0) -> 1500 | F48: =IFERROR(VLOOKUP(B48, 'Duke 3'!A$3:$B998,2, 0), 0) -> 888.88889 | G48: =IFERROR(VLOOKUP(B48, 'Duke 4'!A$3:$B998,2, 0), 0) -> 0 | H48: =IFERROR(VLOOKUP(B48, Proof!A$2:$B998,2, 0), 0) -> 0 | K48: 2029lkim | L48: =0.3*LARGE(M48:P48,1)+0.3*LARGE(M48:P48,2)+0.2*LARGE(M48:P48,3)+0.2*Q48 -> 716.66667 | M48: =IFERROR(VLOOKUP(K48, 'Duke 1'!$A$3:$B998,2, 0), 0) -> 0 | N48: =IFERROR(VLOOKUP(K48, 'Duke 2'!$A$3:$B998,2, 0), 0) -> 1500 | O48: =IFERROR(VLOOKUP(K48, 'Duke 3'!$A$3:$B998,2, 0), 0) -> 888.88889 | P48: =IFERROR(VLOOKUP(K48, 'Duke 4'!$A$3:$B998,2, 0), 0) -> 0 | Q48: =IFERROR(VLOOKUP(K48, Proof!$A$3:B998,2, 0), 0) -> 0
A49: =ROW()-1 -> 48 | B49: 2029gxie | C49: =0.35*LARGE(D49:G49,1)+0.35*LARGE(D49:G49,2)+0.2*LARGE(D49:G49,3)+0.1*H49 -> 787.97236 | D49: =IFERROR(VLOOKUP(B49, 'Duke 1'!A$3:$B$85,2, 0), 0) -> 631.57895 | E49: =IFERROR(VLOOKUP(B49, 'Duke 2'!A$3:$B$522,2, 0), 0) -> 0 | F49: =IFERROR(VLOOKUP(B49, 'Duke 3'!A$3:$B998,2, 0), 0) -> 888.88889 | G49: =IFERROR(VLOOKUP(B49, 'Duke 4'!A$3:$B998,2, 0), 0) -> 960 | H49: =IFERROR(VLOOKUP(B49, Proof!A$2:$B998,2, 0), 0) -> 145.45455 | K49: 2028cwang | L49: =0.3*LARGE(M49:P49,1)+0.3*LARGE(M49:P49,2)+0.2*LARGE(M49:P49,3)+0.2*Q49 -> 716.66667 | M49: =IFERROR(VLOOKUP(K49, 'Duke 1'!$A$3:$B998,2, 0), 0) -> 0 | N49: =IFERROR(VLOOKUP(K49, 'Duke 2'!$A$3:$B998,2, 0), 0) -> 1500 | O49: =IFERROR(VLOOKUP(K49, 'Duke 3'!$A$3:$B998,2, 0), 0) -> 888.88889 | P49: =IFERROR(VLOOKUP(K49, 'Duke 4'!$A$3:$B998,2, 0), 0) -> 0 | Q49: =IFERROR(VLOOKUP(K49, Proof!$A$3:B998,2, 0), 0) -> 0
A50: =ROW()-1 -> 49 | B50: 2029alee | C50: =0.35*LARGE(D50:G50,1)+0.35*LARGE(D50:G50,2)+0.2*LARGE(D50:G50,3)+0.1*H50 -> 746.05263 | D50: =IFERROR(VLOOKUP(B50, 'Duke 1'!A$3:$B$85,2, 0), 0) -> 631.57895 | E50: =IFERROR(VLOOKUP(B50, 'Duke 2'!A$3:$B$522,2, 0), 0) -> 1500 | F50: =IFERROR(VLOOKUP(B50, 'Duke 3'!A$3:$B998,2, 0), 0) -> 0 | G50: =IFERROR(VLOOKUP(B50, 'Duke 4'!A$3:$B998,2, 0), 0) -> 0 | H50: =IFERROR(VLOOKUP(B50, Proof!A$2:$B998,2, 0), 0) -> 0 | K50: 2029gxie | L50: =0.3*LARGE(M50:P50,1)+0.3*LARGE(M50:P50,2)+0.2*LARGE(M50:P50,3)+0.2*Q50 -> 710.07337 | M50: =IFERROR(VLOOKUP(K50, 'Duke 1'!$A$3:$B998,2, 0), 0) -> 631.57895 | N50: =IFERROR(VLOOKUP(K50, 'Duke 2'!$A$3:$B998,2, 0), 0) -> 0 | O50: =IFERROR(VLOOKUP(K50, 'Duke 3'!$A$3:$B998,2, 0), 0) -> 888.88889 | P50: =IFERROR(VLOOKUP(K50, 'Duke 4'!$A$3:$B998,2, 0), 0) -> 960 | Q50: =IFERROR(VLOOKUP(K50, Proof!$A$3:B998,2, 0), 0) -> 145.45455
A51: =ROW()-1 -> 50 | B51: 2028asu | C51: =0.35*LARGE(D51:G51,1)+0.35*LARGE(D51:G51,2)+0.2*LARGE(D51:G51,3)+0.1*H51 -> 746.05263 | D51: =IFERROR(VLOOKUP(B51, 'Duke 1'!A$3:$B$85,2, 0), 0) -> 631.57895 | E51: =IFERROR(VLOOKUP(B51, 'Duke 2'!A$3:$B$522,2, 0), 0) -> 1500 | F51: =IFERROR(VLOOKUP(B51, 'Duke 3'!A$3:$B998,2, 0), 0) -> 0 | G51: =IFERROR(VLOOKUP(B51, 'Duke 4'!A$3:$B998,2, 0), 0) -> 0 | H51: =IFERROR(VLOOKUP(B51, Proof!A$2:$B998,2, 0), 0) -> 0 | K51: 2028tdeng | L51: =0.3*LARGE(M51:P51,1)+0.3*LARGE(M51:P51,2)+0.2*LARGE(M51:P51,3)+0.2*Q51 -> 653.63636 | M51: =IFERROR(VLOOKUP(K51, 'Duke 1'!$A$3:$B998,2, 0), 0) -> 0 | N51: =IFERROR(VLOOKUP(K51, 'Duke 2'!$A$3:$B998,2, 0), 0) -> 1500 | O51: =IFERROR(VLOOKUP(K51, 'Duke 3'!$A$3:$B998,2, 0), 0) -> 0 | P51: =IFERROR(VLOOKUP(K51, 'Duke 4'!$A$3:$B998,2, 0), 0) -> 0 | Q51: =IFERROR(VLOOKUP(K51, Proof!$A$3:B998,2, 0), 0) -> 1018.1818
A52: =ROW()-1 -> 51 | B52: 2027etran | C52: =0.35*LARGE(D52:G52,1)+0.35*LARGE(D52:G52,2)+0.2*LARGE(D52:G52,3)+0.1*H52 -> 746.05263 | D52: =IFERROR(VLOOKUP(B52, 'Duke 1'!A$3:$B$85,2, 0), 0) -> 631.57895 | E52: =IFERROR(VLOOKUP(B52, 'Duke 2'!A$3:$B$522,2, 0), 0) -> 1500 | F52: =IFERROR(VLOOKUP(B52, 'Duke 3'!A$3:$B998,2, 0), 0) -> 0 | G52: =IFERROR(VLOOKUP(B52, 'Duke 4'!A$3:$B998,2, 0), 0) -> 0 | H52: =IFERROR(VLOOKUP(B52, Proof!A$2:$B998,2, 0), 0) -> 0 | K52: 2029alee | L52: =0.3*LARGE(M52:P52,1)+0.3*LARGE(M52:P52,2)+0.2*LARGE(M52:P52,3)+0.2*Q52 -> 639.47368 | M52: =IFERROR(VLOOKUP(K52, 'Duke 1'!$A$3:$B998,2, 0), 0) -> 631.57895 | N52: =IFERROR(VLOOKUP(K52, 'Duke 2'!$A$3:$B998,2, 0), 0) -> 1500 | O52: =IFERROR(VLOOKUP(K52, 'Duke 3'!$A$3:$B998,2, 0), 0) -> 0 | P52: =IFERROR(VLOOKUP(K52, 'Duke 4'!$A$3:$B998,2, 0), 0) -> 0 | Q52: =IFERROR(VLOOKUP(K52, Proof!$A$3:B998,2, 0), 0) -> 0
A53: =ROW()-1 -> 52 | B53: 2026abaradhi | C53: =0.35*LARGE(D53:G53,1)+0.35*LARGE(D53:G53,2)+0.2*LARGE(D53:G53,3)+0.1*H53 -> 746.05263 | D53: =IFERROR(VLOOKUP(B53, 'Duke 1'!A$3:$B$85,2, 0), 0) -> 631.57895 | E53: =IFERROR(VLOOKUP(B53, 'Duke 2'!A$3:$B$522,2, 0), 0) -> 1500 | F53: =IFERROR(VLOOKUP(B53, 'Duke 3'!A$3:$B998,2, 0), 0) -> 0 | G53: =IFERROR(VLOOKUP(B53, 'Duke 4'!A$3:$B998,2, 0), 0) -> 0 | H53: =IFERROR(VLOOKUP(B53, Proof!A$2:$B998,2, 0), 0) -> 0 | K53: 2028asu | L53: =0.3*LARGE(M53:P53,1)+0.3*LARGE(M53:P53,2)+0.2*LARGE(M53:P53,3)+0.2*Q53 -> 639.47368 | M53: =IFERROR(VLOOKUP(K53, 'Duke 1'!$A$3:$B998,2, 0), 0) -> 631.57895 | N53: =IFERROR(VLOOKUP(K53, 'Duke 2'!$A$3:$B998,2, 0), 0) -> 1500 | O53: =IFERROR(VLOOKUP(K53, 'Duke 3'!$A$3:$B998,2, 0), 0) -> 0 | P53: =IFERROR(VLOOKUP(K53, 'Duke 4'!$A$3:$B998,2, 0), 0) -> 0 | Q53: =IFERROR(VLOOKUP(K53, Proof!$A$3:B998,2, 0), 0) -> 0
A54: =ROW()-1 -> 53 | B54: 2028tdeng | C54: =0.35*LARGE(D54:G54,1)+0.35*LARGE(D54:G54,2)+0.2*LARGE(D54:G54,3)+0.1*H54 -> 626.81818 | D54: =IFERROR(VLOOKUP(B54, 'Duke 1'!A$3:$B$85,2, 0), 0) -> 0 | E54: =IFERROR(VLOOKUP(B54, 'Duke 2'!A$3:$B$522,2, 0), 0) -> 1500 | F54: =IFERROR(VLOOKUP(B54, 'Duke 3'!A$3:$B998,2, 0), 0) -> 0 | G54: =IFERROR(VLOOKUP(B54, 'Duke 4'!A$3:$B998,2, 0), 0) -> 0 | H54: =IFERROR(VLOOKUP(B54, Proof!A$2:$B998,2, 0), 0) -> 1018.1818 | K54: 2027etran | L54: =0.3*LARGE(M54:P54,1)+0.3*LARGE(M54:P54,2)+0.2*LARGE(M54:P54,3)+0.2*Q54 -> 639.47368 | M54: =IFERROR(VLOOKUP(K54, 'Duke 1'!$A$3:$B998,2, 0), 0) -> 631.57895 | N54: =IFERROR(VLOOKUP(K54, 'Duke 2'!$A$3:$B998,2, 0), 0) -> 1500 | O54: =IFERROR(VLOOKUP(K54, 'Duke 3'!$A$3:$B998,2, 0), 0) -> 0 | P54: =IFERROR(VLOOKUP(K54, 'Duke 4'!$A$3:$B998,2, 0), 0) -> 0 | Q54: =IFERROR(VLOOKUP(K54, Proof!$A$3:B998,2, 0), 0) -> 0
A55: =ROW()-1 -> 54 | B55: 2027spark | C55: =0.35*LARGE(D55:G55,1)+0.35*LARGE(D55:G55,2)+0.2*LARGE(D55:G55,3)+0.1*H55 -> 557.05263 | D55: =IFERROR(VLOOKUP(B55, 'Duke 1'!A$3:$B$85,2, 0), 0) -> 631.57895 | E55: =IFERROR(VLOOKUP(B55, 'Duke 2'!A$3:$B$522,2, 0), 0) -> 0 | F55: =IFERROR(VLOOKUP(B55, 'Duke 3'!A$3:$B998,2, 0), 0) -> 0 | G55: =IFERROR(VLOOKUP(B55, 'Duke 4'!A$3:$B998,2, 0), 0) -> 960 | H55: =IFERROR(VLOOKUP(B55, Proof!A$2:$B998,2, 0), 0) -> 0 | K55: 2026abaradhi | L55: =0.3*LARGE(M55:P55,1)+0.3*LARGE(M55:P55,2)+0.2*LARGE(M55:P55,3)+0.2*Q55 -> 639.47368 | M55: =IFERROR(VLOOKUP(K55, 'Duke 1'!$A$3:$B998,2, 0), 0) -> 631.57895 | N55: =IFERROR(VLOOKUP(K55, 'Duke 2'!$A$3:$B998,2, 0), 0) -> 1500 | O55: =IFERROR(VLOOKUP(K55, 'Duke 3'!$A$3:$B998,2, 0), 0) -> 0 | P55: =IFERROR(VLOOKUP(K55, 'Duke 4'!$A$3:$B998,2, 0), 0) -> 0 | Q55: =IFERROR(VLOOKUP(K55, Proof!$A$3:B998,2, 0), 0) -> 0
A56: =ROW()-1 -> 55 | B56: 2028asomired | C56: =0.35*LARGE(D56:G56,1)+0.35*LARGE(D56:G56,2)+0.2*LARGE(D56:G56,3)+0.1*H56 -> 539.54545 | D56: =IFERROR(VLOOKUP(B56, 'Duke 1'!A$3:$B$85,2, 0), 0) -> 0 | E56: =IFERROR(VLOOKUP(B56, 'Duke 2'!A$3:$B$522,2, 0), 0) -> 1500 | F56: =IFERROR(VLOOKUP(B56, 'Duke 3'!A$3:$B998,2, 0), 0) -> 0 | G56: =IFERROR(VLOOKUP(B56, 'Duke 4'!A$3:$B998,2, 0), 0) -> 0 | H56: =IFERROR(VLOOKUP(B56, Proof!A$2:$B998,2, 0), 0) -> 145.45455 | K56: 2028asomired | L56: =0.3*LARGE(M56:P56,1)+0.3*LARGE(M56:P56,2)+0.2*LARGE(M56:P56,3)+0.2*Q56 -> 479.09091 | M56: =IFERROR(VLOOKUP(K56, 'Duke 1'!$A$3:$B998,2, 0), 0) -> 0 | N56: =IFERROR(VLOOKUP(K56, 'Duke 2'!$A$3:$B998,2, 0), 0) -> 1500 | O56: =IFERROR(VLOOKUP(K56, 'Duke 3'!$A$3:$B998,2, 0), 0) -> 0 | P56: =IFERROR(VLOOKUP(K56, 'Duke 4'!$A$3:$B998,2, 0), 0) -> 0 | Q56: =IFERROR(VLOOKUP(K56, Proof!$A$3:B998,2, 0), 0) -> 145.45455
A57: =ROW()-1 -> 56 | B57: 2029wyu | C57: =0.35*LARGE(D57:G57,1)+0.35*LARGE(D57:G57,2)+0.2*LARGE(D57:G57,3)+0.1*H57 -> 525 | D57: =IFERROR(VLOOKUP(B57, 'Duke 1'!A$3:$B$85,2, 0), 0) -> 0 | E57: =IFERROR(VLOOKUP(B57, 'Duke 2'!A$3:$B$522,2, 0), 0) -> 1500 | F57: =IFERROR(VLOOKUP(B57, 'Duke 3'!A$3:$B998,2, 0), 0) -> 0 | G57: =IFERROR(VLOOKUP(B57, 'Duke 4'!A$3:$B998,2, 0), 0) -> 0 | H57: =IFERROR(VLOOKUP(B57, Proof!A$2:$B998,2, 0), 0) -> 0 | K57: 2027spark | L57: =0.3*LARGE(M57:P57,1)+0.3*LARGE(M57:P57,2)+0.2*LARGE(M57:P57,3)+0.2*Q57 -> 477.47368 | M57: =IFERROR(VLOOKUP(K57, 'Duke 1'!$A$3:$B998,2, 0), 0) -> 631.57895 | N57: =IFERROR(VLOOKUP(K57, 'Duke 2'!$A$3:$B998,2, 0), 0) -> 0 | O57: =IFERROR(VLOOKUP(K57, 'Duke 3'!$A$3:$B998,2, 0), 0) -> 0 | P57: =IFERROR(VLOOKUP(K57, 'Duke 4'!$A$3:$B998,2, 0), 0) -> 960 | Q57: =IFERROR(VLOOKUP(K57, Proof!$A$3:B998,2, 0), 0) -> 0
A58: =ROW()-1 -> 57 | B58: 2029vkhambha | C58: =0.35*LARGE(D58:G58,1)+0.35*LARGE(D58:G58,2)+0.2*LARGE(D58:G58,3)+0.1*H58 -> 525 | D58: =IFERROR(VLOOKUP(B58, 'Duke 1'!A$3:$B$85,2, 0), 0) -> 0 | E58: =IFERROR(VLOOKUP(B58, 'Duke 2'!A$3:$B$522,2, 0), 0) -> 1500 | F58: =IFERROR(VLOOKUP(B58, 'Duke 3'!A$3:$B998,2, 0), 0) -> 0 | G58: =IFERROR(VLOOKUP(B58, 'Duke 4'!A$3:$B998,2, 0), 0) -> 0 | H58: =IFERROR(VLOOKUP(B58, Proof!A$2:$B998,2, 0), 0) -> 0 | K58: 2029wyu | L58: =0.3*LARGE(M58:P58,1)+0.3*LARGE(M58:P58,2)+0.2*LARGE(M58:P58,3)+0.2*Q58 -> 450 | M58: =IFERROR(VLOOKUP(K58, 'Duke 1'!$A$3:$B998,2, 0), 0) -> 0 | N58: =IFERROR(VLOOKUP(K58, 'Duke 2'!$A$3:$B998,2, 0), 0) -> 1500 | O58: =IFERROR(VLOOKUP(K58, 'Duke 3'!$A$3:$B998,2, 0), 0) -> 0 | P58: =IFERROR(VLOOKUP(K58, 'Duke 4'!$A$3:$B998,2, 0), 0) -> 0 | Q58: =IFERROR(VLOOKUP(K58, Proof!$A$3:B998,2, 0), 0) -> 0
A59: =ROW()-1 -> 58 | B59: 2029vchu | C59: =0.35*LARGE(D59:G59,1)+0.35*LARGE(D59:G59,2)+0.2*LARGE(D59:G59,3)+0.1*H59 -> 525 | D59: =IFERROR(VLOOKUP(B59, 'Duke 1'!A$3:$B$85,2, 0), 0) -> 0 | E59: =IFERROR(VLOOKUP(B59, 'Duke 2'!A$3:$B$522,2, 0), 0) -> 1500 | F59: =IFERROR(VLOOKUP(B59, 'Duke 3'!A$3:$B998,2, 0), 0) -> 0 | G59: =IFERROR(VLOOKUP(B59, 'Duke 4'!A$3:$B998,2, 0), 0) -> 0 | H59: =IFERROR(VLOOKUP(B59, Proof!A$2:$B998,2, 0), 0) -> 0 | K59: 2029vkhambha | L59: =0.3*LARGE(M59:P59,1)+0.3*LARGE(M59:P59,2)+0.2*LARGE(M59:P59,3)+0.2*Q59 -> 450 | M59: =IFERROR(VLOOKUP(K59, 'Duke 1'!$A$3:$B998,2, 0), 0) -> 0 | N59: =IFERROR(VLOOKUP(K59, 'Duke 2'!$A$3:$B998,2, 0), 0) -> 1500 | O59: =IFERROR(VLOOKUP(K59, 'Duke 3'!$A$3:$B998,2, 0), 0) -> 0 | P59: =IFERROR(VLOOKUP(K59, 'Duke 4'!$A$3:$B998,2, 0), 0) -> 0 | Q59: =IFERROR(VLOOKUP(K59, Proof!$A$3:B998,2, 0), 0) -> 0
A60: =ROW()-1 -> 59 | B60: 2029vbal | C60: =0.35*LARGE(D60:G60,1)+0.35*LARGE(D60:G60,2)+0.2*LARGE(D60:G60,3)+0.1*H60 -> 525 | D60: =IFERROR(VLOOKUP(B60, 'Duke 1'!A$3:$B$85,2, 0), 0) -> 0 | E60: =IFERROR(VLOOKUP(B60, 'Duke 2'!A$3:$B$522,2, 0), 0) -> 1500 | F60: =IFERROR(VLOOKUP(B60, 'Duke 3'!A$3:$B998,2, 0), 0) -> 0 | G60: =IFERROR(VLOOKUP(B60, 'Duke 4'!A$3:$B998,2, 0), 0) -> 0 | H60: =IFERROR(VLOOKUP(B60, Proof!A$2:$B998,2, 0), 0) -> 0 | K60: 2029vchu | L60: =0.3*LARGE(M60:P60,1)+0.3*LARGE(M60:P60,2)+0.2*LARGE(M60:P60,3)+0.2*Q60 -> 450 | M60: =IFERROR(VLOOKUP(K60, 'Duke 1'!$A$3:$B998,2, 0), 0) -> 0 | N60: =IFERROR(VLOOKUP(K60, 'Duke 2'!$A$3:$B998,2, 0), 0) -> 1500 | O60: =IFERROR(VLOOKUP(K60, 'Duke 3'!$A$3:$B998,2, 0), 0) -> 0 | P60: =IFERROR(VLOOKUP(K60, 'Duke 4'!$A$3:$B998,2, 0), 0) -> 0 | Q60: =IFERROR(VLOOKUP(K60, Proof!$A$3:B998,2, 0), 0) -> 0
A61: =ROW()-1 -> 60 | B61: 2029tdondapa | C61: =0.35*LARGE(D61:G61,1)+0.35*LARGE(D61:G61,2)+0.2*LARGE(D61:G61,3)+0.1*H61 -> 525 | D61: =IFERROR(VLOOKUP(B61, 'Duke 1'!A$3:$B$85,2, 0), 0) -> 0 | E61: =IFERROR(VLOOKUP(B61, 'Duke 2'!A$3:$B$522,2, 0), 0) -> 1500 | F61: =IFERROR(VLOOKUP(B61, 'Duke 3'!A$3:$B998,2, 0), 0) -> 0 | G61: =IFERROR(VLOOKUP(B61, 'Duke 4'!A$3:$B998,2, 0), 0) -> 0 | H61: =IFERROR(VLOOKUP(B61, Proof!A$2:$B998,2, 0), 0) -> 0 | K61: 2029vbal | L61: =0.3*LARGE(M61:P61,1)+0.3*LARGE(M61:P61,2)+0.2*LARGE(M61:P61,3)+0.2*Q61 -> 450 | M61: =IFERROR(VLOOKUP(K61, 'Duke 1'!$A$3:$B998,2, 0), 0) -> 0 | N61: =IFERROR(VLOOKUP(K61, 'Duke 2'!$A$3:$B998,2, 0), 0) -> 1500 | O61: =IFERROR(VLOOKUP(K61, 'Duke 3'!$A$3:$B998,2, 0), 0) -> 0 | P61: =IFERROR(VLOOKUP(K61, 'Duke 4'!$A$3:$B998,2, 0), 0) -> 0 | Q61: =IFERROR(VLOOKUP(K61, Proof!$A$3:B998,2, 0), 0) -> 0
A62: =ROW()-1 -> 61 | B62: 2029rnagaban | C62: =0.35*LARGE(D62:G62,1)+0.35*LARGE(D62:G62,2)+0.2*LARGE(D62:G62,3)+0.1*H62 -> 525 | D62: =IFERROR(VLOOKUP(B62, 'Duke 1'!A$3:$B$85,2, 0), 0) -> 0 | E62: =IFERROR(VLOOKUP(B62, 'Duke 2'!A$3:$B$522,2, 0), 0) -> 1500 | F62: =IFERROR(VLOOKUP(B62, 'Duke 3'!A$3:$B998,2, 0), 0) -> 0 | G62: =IFERROR(VLOOKUP(B62, 'Duke 4'!A$3:$B998,2, 0), 0) -> 0 | H62: =IFERROR(VLOOKUP(B62, Proof!A$2:$B998,2, 0), 0) -> 0 | K62: 2029tdondapa | L62: =0.3*LARGE(M62:P62,1)+0.3*LARGE(M62:P62,2)+0.2*LARGE(M62:P62,3)+0.2*Q62 -> 450 | M62: =IFERROR(VLOOKUP(K62, 'Duke 1'!$A$3:$B998,2, 0), 0) -> 0 | N62: =IFERROR(VLOOKUP(K62, 'Duke 2'!$A$3:$B998,2, 0), 0) -> 1500 | O62: =IFERROR(VLOOKUP(K62, 'Duke 3'!$A$3:$B998,2, 0), 0) -> 0 | P62: =IFERROR(VLOOKUP(K62, 'Duke 4'!$A$3:$B998,2, 0), 0) -> 0 | Q62: =IFERROR(VLOOKUP(K62, Proof!$A$3:B998,2, 0), 0) -> 0
A63: =ROW()-1 -> 62 | B63: 2029rkallama | C63: =0.35*LARGE(D63:G63,1)+0.35*LARGE(D63:G63,2)+0.2*LARGE(D63:G63,3)+0.1*H63 -> 525 | D63: =IFERROR(VLOOKUP(B63, 'Duke 1'!A$3:$B$85,2, 0), 0) -> 0 | E63: =IFERROR(VLOOKUP(B63, 'Duke 2'!A$3:$B$522,2, 0), 0) -> 1500 | F63: =IFERROR(VLOOKUP(B63, 'Duke 3'!A$3:$B998,2, 0), 0) -> 0 | G63: =IFERROR(VLOOKUP(B63, 'Duke 4'!A$3:$B998,2, 0), 0) -> 0 | H63: =IFERROR(VLOOKUP(B63, Proof!A$2:$B998,2, 0), 0) -> 0 | K63: 2029rnagaban | L63: =0.3*LARGE(M63:P63,1)+0.3*LARGE(M63:P63,2)+0.2*LARGE(M63:P63,3)+0.2*Q63 -> 450 | M63: =IFERROR(VLOOKUP(K63, 'Duke 1'!$A$3:$B998,2, 0), 0) -> 0 | N63: =IFERROR(VLOOKUP(K63, 'Duke 2'!$A$3:$B998,2, 0), 0) -> 1500 | O63: =IFERROR(VLOOKUP(K63, 'Duke 3'!$A$3:$B998,2, 0), 0) -> 0 | P63: =IFERROR(VLOOKUP(K63, 'Duke 4'!$A$3:$B998,2, 0), 0) -> 0 | Q63: =IFERROR(VLOOKUP(K63, Proof!$A$3:B998,2, 0), 0) -> 0
A64: =ROW()-1 -> 63 | B64: 2029lyin | C64: =0.35*LARGE(D64:G64,1)+0.35*LARGE(D64:G64,2)+0.2*LARGE(D64:G64,3)+0.1*H64 -> 525 | D64: =IFERROR(VLOOKUP(B64, 'Duke 1'!A$3:$B$85,2, 0), 0) -> 0 | E64: =IFERROR(VLOOKUP(B64, 'Duke 2'!A$3:$B$522,2, 0), 0) -> 1500 | F64: =IFERROR(VLOOKUP(B64, 'Duke 3'!A$3:$B998,2, 0), 0) -> 0 | G64: =IFERROR(VLOOKUP(B64, 'Duke 4'!A$3:$B998,2, 0), 0) -> 0 | H64: =IFERROR(VLOOKUP(B64, Proof!A$2:$B998,2, 0), 0) -> 0 | K64: 2029rkallama | L64: =0.3*LARGE(M64:P64,1)+0.3*LARGE(M64:P64,2)+0.2*LARGE(M64:P64,3)+0.2*Q64 -> 450 | M64: =IFERROR(VLOOKUP(K64, 'Duke 1'!$A$3:$B998,2, 0), 0) -> 0 | N64: =IFERROR(VLOOKUP(K64, 'Duke 2'!$A$3:$B998,2, 0), 0) -> 1500 | O64: =IFERROR(VLOOKUP(K64, 'Duke 3'!$A$3:$B998,2, 0), 0) -> 0 | P64: =IFERROR(VLOOKUP(K64, 'Duke 4'!$A$3:$B998,2, 0), 0) -> 0 | Q64: =IFERROR(VLOOKUP(K64, Proof!$A$3:B998,2, 0), 0) -> 0
A65: =ROW()-1 -> 64 | B65: 2029kshen | C65: =0.35*LARGE(D65:G65,1)+0.35*LARGE(D65:G65,2)+0.2*LARGE(D65:G65,3)+0.1*H65 -> 525 | D65: =IFERROR(VLOOKUP(B65, 'Duke 1'!A$3:$B$85,2, 0), 0) -> 0 | E65: =IFERROR(VLOOKUP(B65, 'Duke 2'!A$3:$B$522,2, 0), 0) -> 1500 | F65: =IFERROR(VLOOKUP(B65, 'Duke 3'!A$3:$B998,2, 0), 0) -> 0 | G65: =IFERROR(VLOOKUP(B65, 'Duke 4'!A$3:$B998,2, 0), 0) -> 0 | H65: =IFERROR(VLOOKUP(B65, Proof!A$2:$B998,2, 0), 0) -> 0 | K65: 2029lyin | L65: =0.3*LARGE(M65:P65,1)+0.3*LARGE(M65:P65,2)+0.2*LARGE(M65:P65,3)+0.2*Q65 -> 450 | M65: =IFERROR(VLOOKUP(K65, 'Duke 1'!$A$3:$B998,2, 0), 0) -> 0 | N65: =IFERROR(VLOOKUP(K65, 'Duke 2'!$A$3:$B998,2, 0), 0) -> 1500 | O65: =IFERROR(VLOOKUP(K65, 'Duke 3'!$A$3:$B998,2, 0), 0) -> 0 | P65: =IFERROR(VLOOKUP(K65, 'Duke 4'!$A$3:$B998,2, 0), 0) -> 0 | Q65: =IFERROR(VLOOKUP(K65, Proof!$A$3:B998,2, 0), 0) -> 0
A66: =ROW()-1 -> 65 | B66: 2029eschellh | C66: =0.35*LARGE(D66:G66,1)+0.35*LARGE(D66:G66,2)+0.2*LARGE(D66:G66,3)+0.1*H66 -> 525 | D66: =IFERROR(VLOOKUP(B66, 'Duke 1'!A$3:$B$85,2, 0), 0) -> 0 | E66: =IFERROR(VLOOKUP(B66, 'Duke 2'!A$3:$B$522,2, 0), 0) -> 1500 | F66: =IFERROR(VLOOKUP(B66, 'Duke 3'!A$3:$B998,2, 0), 0) -> 0 | G66: =IFERROR(VLOOKUP(B66, 'Duke 4'!A$3:$B998,2, 0), 0) -> 0 | H66: =IFERROR(VLOOKUP(B66, Proof!A$2:$B998,2, 0), 0) -> 0 | K66: 2029kshen | L66: =0.3*LARGE(M66:P66,1)+0.3*LARGE(M66:P66,2)+0.2*LARGE(M66:P66,3)+0.2*Q66 -> 450 | M66: =IFERROR(VLOOKUP(K66, 'Duke 1'!$A$3:$B998,2, 0), 0) -> 0 | N66: =IFERROR(VLOOKUP(K66, 'Duke 2'!$A$3:$B998,2, 0), 0) -> 1500 | O66: =IFERROR(VLOOKUP(K66, 'Duke 3'!$A$3:$B998,2, 0), 0) -> 0 | P66: =IFERROR(VLOOKUP(K66, 'Duke 4'!$A$3:$B998,2, 0), 0) -> 0 | Q66: =IFERROR(VLOOKUP(K66, Proof!$A$3:B998,2, 0), 0) -> 0
A67: =ROW()-1 -> 66 | B67: 2029bchu | C67: =0.35*LARGE(D67:G67,1)+0.35*LARGE(D67:G67,2)+0.2*LARGE(D67:G67,3)+0.1*H67 -> 525 | D67: =IFERROR(VLOOKUP(B67, 'Duke 1'!A$3:$B$85,2, 0), 0) -> 0 | E67: =IFERROR(VLOOKUP(B67, 'Duke 2'!A$3:$B$522,2, 0), 0) -> 1500 | F67: =IFERROR(VLOOKUP(B67, 'Duke 3'!A$3:$B998,2, 0), 0) -> 0 | G67: =IFERROR(VLOOKUP(B67, 'Duke 4'!A$3:$B998,2, 0), 0) -> 0 | H67: =IFERROR(VLOOKUP(B67, Proof!A$2:$B998,2, 0), 0) -> 0 | K67: 2029eschellh | L67: =0.3*LARGE(M67:P67,1)+0.3*LARGE(M67:P67,2)+0.2*LARGE(M67:P67,3)+0.2*Q67 -> 450 | M67: =IFERROR(VLOOKUP(K67, 'Duke 1'!$A$3:$B998,2, 0), 0) -> 0 | N67: =IFERROR(VLOOKUP(K67, 'Duke 2'!$A$3:$B998,2, 0), 0) -> 1500 | O67: =IFERROR(VLOOKUP(K67, 'Duke 3'!$A$3:$B998,2, 0), 0) -> 0 | P67: =IFERROR(VLOOKUP(K67, 'Duke 4'!$A$3:$B998,2, 0), 0) -> 0 | Q67: =IFERROR(VLOOKUP(K67, Proof!$A$3:B998,2, 0), 0) -> 0
A68: =ROW()-1 -> 67 | B68: 2029abose | C68: =0.35*LARGE(D68:G68,1)+0.35*LARGE(D68:G68,2)+0.2*LARGE(D68:G68,3)+0.1*H68 -> 525 | D68: =IFERROR(VLOOKUP(B68, 'Duke 1'!A$3:$B$85,2, 0), 0) -> 0 | E68: =IFERROR(VLOOKUP(B68, 'Duke 2'!A$3:$B$522,2, 0), 0) -> 1500 | F68: =IFERROR(VLOOKUP(B68, 'Duke 3'!A$3:$B998,2, 0), 0) -> 0 | G68: =IFERROR(VLOOKUP(B68, 'Duke 4'!A$3:$B998,2, 0), 0) -> 0 | H68: =IFERROR(VLOOKUP(B68, Proof!A$2:$B998,2, 0), 0) -> 0 | K68: 2029bchu | L68: =0.3*LARGE(M68:P68,1)+0.3*LARGE(M68:P68,2)+0.2*LARGE(M68:P68,3)+0.2*Q68 -> 450 | M68: =IFERROR(VLOOKUP(K68, 'Duke 1'!$A$3:$B998,2, 0), 0) -> 0 | N68: =IFERROR(VLOOKUP(K68, 'Duke 2'!$A$3:$B998,2, 0), 0) -> 1500 | O68: =IFERROR(VLOOKUP(K68, 'Duke 3'!$A$3:$B998,2, 0), 0) -> 0 | P68: =IFERROR(VLOOKUP(K68, 'Duke 4'!$A$3:$B998,2, 0), 0) -> 0 | Q68: =IFERROR(VLOOKUP(K68, Proof!$A$3:B998,2, 0), 0) -> 0
A69: =ROW()-1 -> 68 | B69: 2028yshafi | C69: =0.35*LARGE(D69:G69,1)+0.35*LARGE(D69:G69,2)+0.2*LARGE(D69:G69,3)+0.1*H69 -> 525 | D69: =IFERROR(VLOOKUP(B69, 'Duke 1'!A$3:$B$85,2, 0), 0) -> 0 | E69: =IFERROR(VLOOKUP(B69, 'Duke 2'!A$3:$B$522,2, 0), 0) -> 1500 | F69: =IFERROR(VLOOKUP(B69, 'Duke 3'!A$3:$B998,2, 0), 0) -> 0 | G69: =IFERROR(VLOOKUP(B69, 'Duke 4'!A$3:$B998,2, 0), 0) -> 0 | H69: =IFERROR(VLOOKUP(B69, Proof!A$2:$B998,2, 0), 0) -> 0 | K69: 2029abose | L69: =0.3*LARGE(M69:P69,1)+0.3*LARGE(M69:P69,2)+0.2*LARGE(M69:P69,3)+0.2*Q69 -> 450 | M69: =IFERROR(VLOOKUP(K69, 'Duke 1'!$A$3:$B998,2, 0), 0) -> 0 | N69: =IFERROR(VLOOKUP(K69, 'Duke 2'!$A$3:$B998,2, 0), 0) -> 1500 | O69: =IFERROR(VLOOKUP(K69, 'Duke 3'!$A$3:$B998,2, 0), 0) -> 0 | P69: =IFERROR(VLOOKUP(K69, 'Duke 4'!$A$3:$B998,2, 0), 0) -> 0 | Q69: =IFERROR(VLOOKUP(K69, Proof!$A$3:B998,2, 0), 0) -> 0
A70: =ROW()-1 -> 69 | B70: 2028pmotahar | C70: =0.35*LARGE(D70:G70,1)+0.35*LARGE(D70:G70,2)+0.2*LARGE(D70:G70,3)+0.1*H70 -> 525 | D70: =IFERROR(VLOOKUP(B70, 'Duke 1'!A$3:$B$85,2, 0), 0) -> 0 | E70: =IFERROR(VLOOKUP(B70, 'Duke 2'!A$3:$B$522,2, 0), 0) -> 1500 | F70: =IFERROR(VLOOKUP(B70, 'Duke 3'!A$3:$B998,2, 0), 0) -> 0 | G70: =IFERROR(VLOOKUP(B70, 'Duke 4'!A$3:$B998,2, 0), 0) -> 0 | H70: =IFERROR(VLOOKUP(B70, Proof!A$2:$B998,2, 0), 0) -> 0 | K70: 2028yshafi | L70: =0.3*LARGE(M70:P70,1)+0.3*LARGE(M70:P70,2)+0.2*LARGE(M70:P70,3)+0.2*Q70 -> 450 | M70: =IFERROR(VLOOKUP(K70, 'Duke 1'!$A$3:$B998,2, 0), 0) -> 0 | N70: =IFERROR(VLOOKUP(K70, 'Duke 2'!$A$3:$B998,2, 0), 0) -> 1500 | O70: =IFERROR(VLOOKUP(K70, 'Duke 3'!$A$3:$B998,2, 0), 0) -> 0 | P70: =IFERROR(VLOOKUP(K70, 'Duke 4'!$A$3:$B998,2, 0), 0) -> 0 | Q70: =IFERROR(VLOOKUP(K70, Proof!$A$3:B998,2, 0), 0) -> 0
A71: =ROW()-1 -> 70 | B71: 2028jliu1 | C71: =0.35*LARGE(D71:G71,1)+0.35*LARGE(D71:G71,2)+0.2*LARGE(D71:G71,3)+0.1*H71 -> 525 | D71: =IFERROR(VLOOKUP(B71, 'Duke 1'!A$3:$B$85,2, 0), 0) -> 0 | E71: =IFERROR(VLOOKUP(B71, 'Duke 2'!A$3:$B$522,2, 0), 0) -> 1500 | F71: =IFERROR(VLOOKUP(B71, 'Duke 3'!A$3:$B998,2, 0), 0) -> 0 | G71: =IFERROR(VLOOKUP(B71, 'Duke 4'!A$3:$B998,2, 0), 0) -> 0 | H71: =IFERROR(VLOOKUP(B71, Proof!A$2:$B998,2, 0), 0) -> 0 | K71: 2028pmotahar | L71: =0.3*LARGE(M71:P71,1)+0.3*LARGE(M71:P71,2)+0.2*LARGE(M71:P71,3)+0.2*Q71 -> 450 | M71: =IFERROR(VLOOKUP(K71, 'Duke 1'!$A$3:$B998,2, 0), 0) -> 0 | N71: =IFERROR(VLOOKUP(K71, 'Duke 2'!$A$3:$B998,2, 0), 0) -> 1500 | O71: =IFERROR(VLOOKUP(K71, 'Duke 3'!$A$3:$B998,2, 0), 0) -> 0 | P71: =IFERROR(VLOOKUP(K71, 'Duke 4'!$A$3:$B998,2, 0), 0) -> 0 | Q71: =IFERROR(VLOOKUP(K71, Proof!$A$3:B998,2, 0), 0) -> 0
A72: =ROW()-1 -> 71 | B72: 2028hneiberl | C72: =0.35*LARGE(D72:G72,1)+0.35*LARGE(D72:G72,2)+0.2*LARGE(D72:G72,3)+0.1*H72 -> 525 | D72: =IFERROR(VLOOKUP(B72, 'Duke 1'!A$3:$B$85,2, 0), 0) -> 0 | E72: =IFERROR(VLOOKUP(B72, 'Duke 2'!A$3:$B$522,2, 0), 0) -> 1500 | F72: =IFERROR(VLOOKUP(B72, 'Duke 3'!A$3:$B998,2, 0), 0) -> 0 | G72: =IFERROR(VLOOKUP(B72, 'Duke 4'!A$3:$B998,2, 0), 0) -> 0 | H72: =IFERROR(VLOOKUP(B72, Proof!A$2:$B998,2, 0), 0) -> 0 | K72: 2028jliu1 | L72: =0.3*LARGE(M72:P72,1)+0.3*LARGE(M72:P72,2)+0.2*LARGE(M72:P72,3)+0.2*Q72 -> 450 | M72: =IFERROR(VLOOKUP(K72, 'Duke 1'!$A$3:$B998,2, 0), 0) -> 0 | N72: =IFERROR(VLOOKUP(K72, 'Duke 2'!$A$3:$B998,2, 0), 0) -> 1500 | O72: =IFERROR(VLOOKUP(K72, 'Duke 3'!$A$3:$B998,2, 0), 0) -> 0 | P72: =IFERROR(VLOOKUP(K72, 'Duke 4'!$A$3:$B998,2, 0), 0) -> 0 | Q72: =IFERROR(VLOOKUP(K72, Proof!$A$3:B998,2, 0), 0) -> 0
A73: =ROW()-1 -> 72 | B73: 2028gkanakad | C73: =0.35*LARGE(D73:G73,1)+0.35*LARGE(D73:G73,2)+0.2*LARGE(D73:G73,3)+0.1*H73 -> 525 | D73: =IFERROR(VLOOKUP(B73, 'Duke 1'!A$3:$B$85,2, 0), 0) -> 0 | E73: =IFERROR(VLOOKUP(B73, 'Duke 2'!A$3:$B$522,2, 0), 0) -> 1500 | F73: =IFERROR(VLOOKUP(B73, 'Duke 3'!A$3:$B998,2, 0), 0) -> 0 | G73: =IFERROR(VLOOKUP(B73, 'Duke 4'!A$3:$B998,2, 0), 0) -> 0 | H73: =IFERROR(VLOOKUP(B73, Proof!A$2:$B998,2, 0), 0) -> 0 | K73: 2028hneiberl | L73: =0.3*LARGE(M73:P73,1)+0.3*LARGE(M73:P73,2)+0.2*LARGE(M73:P73,3)+0.2*Q73 -> 450 | M73: =IFERROR(VLOOKUP(K73, 'Duke 1'!$A$3:$B998,2, 0), 0) -> 0 | N73: =IFERROR(VLOOKUP(K73, 'Duke 2'!$A$3:$B998,2, 0), 0) -> 1500 | O73: =IFERROR(VLOOKUP(K73, 'Duke 3'!$A$3:$B998,2, 0), 0) -> 0 | P73: =IFERROR(VLOOKUP(K73, 'Duke 4'!$A$3:$B998,2, 0), 0) -> 0 | Q73: =IFERROR(VLOOKUP(K73, Proof!$A$3:B998,2, 0), 0) -> 0
A74: =ROW()-1 -> 73 | B74: 2028elin | C74: =0.35*LARGE(D74:G74,1)+0.35*LARGE(D74:G74,2)+0.2*LARGE(D74:G74,3)+0.1*H74 -> 525 | D74: =IFERROR(VLOOKUP(B74, 'Duke 1'!A$3:$B$85,2, 0), 0) -> 0 | E74: =IFERROR(VLOOKUP(B74, 'Duke 2'!A$3:$B$522,2, 0), 0) -> 1500 | F74: =IFERROR(VLOOKUP(B74, 'Duke 3'!A$3:$B998,2, 0), 0) -> 0 | G74: =IFERROR(VLOOKUP(B74, 'Duke 4'!A$3:$B998,2, 0), 0) -> 0 | H74: =IFERROR(VLOOKUP(B74, Proof!A$2:$B998,2, 0), 0) -> 0 | K74: 2028gkanakad | L74: =0.3*LARGE(M74:P74,1)+0.3*LARGE(M74:P74,2)+0.2*LARGE(M74:P74,3)+0.2*Q74 -> 450 | M74: =IFERROR(VLOOKUP(K74, 'Duke 1'!$A$3:$B998,2, 0), 0) -> 0 | N74: =IFERROR(VLOOKUP(K74, 'Duke 2'!$A$3:$B998,2, 0), 0) -> 1500 | O74: =IFERROR(VLOOKUP(K74, 'Duke 3'!$A$3:$B998,2, 0), 0) -> 0 | P74: =IFERROR(VLOOKUP(K74, 'Duke 4'!$A$3:$B998,2, 0), 0) -> 0 | Q74: =IFERROR(VLOOKUP(K74, Proof!$A$3:B998,2, 0), 0) -> 0
A75: =ROW()-1 -> 74 | B75: 2028dmotahar | C75: =0.35*LARGE(D75:G75,1)+0.35*LARGE(D75:G75,2)+0.2*LARGE(D75:G75,3)+0.1*H75 -> 525 | D75: =IFERROR(VLOOKUP(B75, 'Duke 1'!A$3:$B$85,2, 0), 0) -> 0 | E75: =IFERROR(VLOOKUP(B75, 'Duke 2'!A$3:$B$522,2, 0), 0) -> 1500 | F75: =IFERROR(VLOOKUP(B75, 'Duke 3'!A$3:$B998,2, 0), 0) -> 0 | G75: =IFERROR(VLOOKUP(B75, 'Duke 4'!A$3:$B998,2, 0), 0) -> 0 | H75: =IFERROR(VLOOKUP(B75, Proof!A$2:$B998,2, 0), 0) -> 0 | K75: 2028elin | L75: =0.3*LARGE(M75:P75,1)+0.3*LARGE(M75:P75,2)+0.2*LARGE(M75:P75,3)+0.2*Q75 -> 450 | M75: =IFERROR(VLOOKUP(K75, 'Duke 1'!$A$3:$B998,2, 0), 0) -> 0 | N75: =IFERROR(VLOOKUP(K75, 'Duke 2'!$A$3:$B998,2, 0), 0) -> 1500 | O75: =IFERROR(VLOOKUP(K75, 'Duke 3'!$A$3:$B998,2, 0), 0) -> 0 | P75: =IFERROR(VLOOKUP(K75, 'Duke 4'!$A$3:$B998,2, 0), 0) -> 0 | Q75: =IFERROR(VLOOKUP(K75, Proof!$A$3:B998,2, 0), 0) -> 0
A76: =ROW()-1 -> 75 | B76: 2028cyoo | C76: =0.35*LARGE(D76:G76,1)+0.35*LARGE(D76:G76,2)+0.2*LARGE(D76:G76,3)+0.1*H76 -> 525 | D76: =IFERROR(VLOOKUP(B76, 'Duke 1'!A$3:$B$85,2, 0), 0) -> 0 | E76: =IFERROR(VLOOKUP(B76, 'Duke 2'!A$3:$B$522,2, 0), 0) -> 1500 | F76: =IFERROR(VLOOKUP(B76, 'Duke 3'!A$3:$B998,2, 0), 0) -> 0 | G76: =IFERROR(VLOOKUP(B76, 'Duke 4'!A$3:$B998,2, 0), 0) -> 0 | H76: =IFERROR(VLOOKUP(B76, Proof!A$2:$B998,2, 0), 0) -> 0 | K76: 2028dmotahar | L76: =0.3*LARGE(M76:P76,1)+0.3*LARGE(M76:P76,2)+0.2*LARGE(M76:P76,3)+0.2*Q76 -> 450 | M76: =IFERROR(VLOOKUP(K76, 'Duke 1'!$A$3:$B998,2, 0), 0) -> 0 | N76: =IFERROR(VLOOKUP(K76, 'Duke 2'!$A$3:$B998,2, 0), 0) -> 1500 | O76: =IFERROR(VLOOKUP(K76, 'Duke 3'!$A$3:$B998,2, 0), 0) -> 0 | P76: =IFERROR(VLOOKUP(K76, 'Duke 4'!$A$3:$B998,2, 0), 0) -> 0 | Q76: =IFERROR(VLOOKUP(K76, Proof!$A$3:B998,2, 0), 0) -> 0
A77: =ROW()-1 -> 76 | B77: 2028bkong | C77: =0.35*LARGE(D77:G77,1)+0.35*LARGE(D77:G77,2)+0.2*LARGE(D77:G77,3)+0.1*H77 -> 525 | D77: =IFERROR(VLOOKUP(B77, 'Duke 1'!A$3:$B$85,2, 0), 0) -> 0 | E77: =IFERROR(VLOOKUP(B77, 'Duke 2'!A$3:$B$522,2, 0), 0) -> 1500 | F77: =IFERROR(VLOOKUP(B77, 'Duke 3'!A$3:$B998,2, 0), 0) -> 0 | G77: =IFERROR(VLOOKUP(B77, 'Duke 4'!A$3:$B998,2, 0), 0) -> 0 | H77: =IFERROR(VLOOKUP(B77, Proof!A$2:$B998,2, 0), 0) -> 0 | K77: 2028cyoo | L77: =0.3*LARGE(M77:P77,1)+0.3*LARGE(M77:P77,2)+0.2*LARGE(M77:P77,3)+0.2*Q77 -> 450 | M77: =IFERROR(VLOOKUP(K77, 'Duke 1'!$A$3:$B998,2, 0), 0) -> 0 | N77: =IFERROR(VLOOKUP(K77, 'Duke 2'!$A$3:$B998,2, 0), 0) -> 1500 | O77: =IFERROR(VLOOKUP(K77, 'Duke 3'!$A$3:$B998,2, 0), 0) -> 0 | P77: =IFERROR(VLOOKUP(K77, 'Duke 4'!$A$3:$B998,2, 0), 0) -> 0 | Q77: =IFERROR(VLOOKUP(K77, Proof!$A$3:B998,2, 0), 0) -> 0
A78: =ROW()-1 -> 77 | B78: 2027dkharito | C78: =0.35*LARGE(D78:G78,1)+0.35*LARGE(D78:G78,2)+0.2*LARGE(D78:G78,3)+0.1*H78 -> 525 | D78: =IFERROR(VLOOKUP(B78, 'Duke 1'!A$3:$B$85,2, 0), 0) -> 0 | E78: =IFERROR(VLOOKUP(B78, 'Duke 2'!A$3:$B$522,2, 0), 0) -> 1500 | F78: =IFERROR(VLOOKUP(B78, 'Duke 3'!A$3:$B998,2, 0), 0) -> 0 | G78: =IFERROR(VLOOKUP(B78, 'Duke 4'!A$3:$B998,2, 0), 0) -> 0 | H78: =IFERROR(VLOOKUP(B78, Proof!A$2:$B998,2, 0), 0) -> 0 | K78: 2028bkong | L78: =0.3*LARGE(M78:P78,1)+0.3*LARGE(M78:P78,2)+0.2*LARGE(M78:P78,3)+0.2*Q78 -> 450 | M78: =IFERROR(VLOOKUP(K78, 'Duke 1'!$A$3:$B998,2, 0), 0) -> 0 | N78: =IFERROR(VLOOKUP(K78, 'Duke 2'!$A$3:$B998,2, 0), 0) -> 1500 | O78: =IFERROR(VLOOKUP(K78, 'Duke 3'!$A$3:$B998,2, 0), 0) -> 0 | P78: =IFERROR(VLOOKUP(K78, 'Duke 4'!$A$3:$B998,2, 0), 0) -> 0 | Q78: =IFERROR(VLOOKUP(K78, Proof!$A$3:B998,2, 0), 0) -> 0
A79: =ROW()-1 -> 78 | B79: 2028aliu | C79: =0.35*LARGE(D79:G79,1)+0.35*LARGE(D79:G79,2)+0.2*LARGE(D79:G79,3)+0.1*H79 -> 407.27273 | D79: =IFERROR(VLOOKUP(B79, 'Duke 1'!A$3:$B$85,2, 0), 0) -> 0 | E79: =IFERROR(VLOOKUP(B79, 'Duke 2'!A$3:$B$522,2, 0), 0) -> 0 | F79: =IFERROR(VLOOKUP(B79, 'Duke 3'!A$3:$B998,2, 0), 0) -> 0 | G79: =IFERROR(VLOOKUP(B79, 'Duke 4'!A$3:$B998,2, 0), 0) -> 0 | H79: =IFERROR(VLOOKUP(B79, Proof!A$2:$B998,2, 0), 0) -> 4072.7273 | K79: 2027dkharito | L79: =0.3*LARGE(M79:P79,1)+0.3*LARGE(M79:P79,2)+0.2*LARGE(M79:P79,3)+0.2*Q79 -> 450 | M79: =IFERROR(VLOOKUP(K79, 'Duke 1'!$A$3:$B998,2, 0), 0) -> 0 | N79: =IFERROR(VLOOKUP(K79, 'Duke 2'!$A$3:$B998,2, 0), 0) -> 1500 | O79: =IFERROR(VLOOKUP(K79, 'Duke 3'!$A$3:$B998,2, 0), 0) -> 0 | P79: =IFERROR(VLOOKUP(K79, 'Duke 4'!$A$3:$B998,2, 0), 0) -> 0 | Q79: =IFERROR(VLOOKUP(K79, Proof!$A$3:B998,2, 0), 0) -> 0
A80: =ROW()-1 -> 79 | B80: 2027ayan | C80: =0.35*LARGE(D80:G80,1)+0.35*LARGE(D80:G80,2)+0.2*LARGE(D80:G80,3)+0.1*H80 -> 336 | D80: =IFERROR(VLOOKUP(B80, 'Duke 1'!A$3:$B$85,2, 0), 0) -> 0 | E80: =IFERROR(VLOOKUP(B80, 'Duke 2'!A$3:$B$522,2, 0), 0) -> 0 | F80: =IFERROR(VLOOKUP(B80, 'Duke 3'!A$3:$B998,2, 0), 0) -> 0 | G80: =IFERROR(VLOOKUP(B80, 'Duke 4'!A$3:$B998,2, 0), 0) -> 960 | H80: =IFERROR(VLOOKUP(B80, Proof!A$2:$B998,2, 0), 0) -> 0 | K80: 2026shou | L80: =0.3*LARGE(M80:P80,1)+0.3*LARGE(M80:P80,2)+0.2*LARGE(M80:P80,3)+0.2*Q80 -> 378.18182 | M80: =IFERROR(VLOOKUP(K80, 'Duke 1'!$A$3:$B998,2, 0), 0) -> 0 | N80: =IFERROR(VLOOKUP(K80, 'Duke 2'!$A$3:$B998,2, 0), 0) -> 0 | O80: =IFERROR(VLOOKUP(K80, 'Duke 3'!$A$3:$B998,2, 0), 0) -> 0 | P80: =IFERROR(VLOOKUP(K80, 'Duke 4'!$A$3:$B998,2, 0), 0) -> 0 | Q80: =IFERROR(VLOOKUP(K80, Proof!$A$3:B998,2, 0), 0) -> 1890.9091
A81: =ROW()-1 -> 80 | B81: 2029wzhang | C81: =0.35*LARGE(D81:G81,1)+0.35*LARGE(D81:G81,2)+0.2*LARGE(D81:G81,3)+0.1*H81 -> 221.05263 | D81: =IFERROR(VLOOKUP(B81, 'Duke 1'!A$3:$B$85,2, 0), 0) -> 631.57895 | E81: =IFERROR(VLOOKUP(B81, 'Duke 2'!A$3:$B$522,2, 0), 0) -> 0 | F81: =IFERROR(VLOOKUP(B81, 'Duke 3'!A$3:$B998,2, 0), 0) -> 0 | G81: =IFERROR(VLOOKUP(B81, 'Duke 4'!A$3:$B998,2, 0), 0) -> 0 | H81: =IFERROR(VLOOKUP(B81, Proof!A$2:$B998,2, 0), 0) -> 0 | K81: 2027ayan | L81: =0.3*LARGE(M81:P81,1)+0.3*LARGE(M81:P81,2)+0.2*LARGE(M81:P81,3)+0.2*Q81 -> 288 | M81: =IFERROR(VLOOKUP(K81, 'Duke 1'!$A$3:$B998,2, 0), 0) -> 0 | N81: =IFERROR(VLOOKUP(K81, 'Duke 2'!$A$3:$B998,2, 0), 0) -> 0 | O81: =IFERROR(VLOOKUP(K81, 'Duke 3'!$A$3:$B998,2, 0), 0) -> 0 | P81: =IFERROR(VLOOKUP(K81, 'Duke 4'!$A$3:$B998,2, 0), 0) -> 960 | Q81: =IFERROR(VLOOKUP(K81, Proof!$A$3:B998,2, 0), 0) -> 0
A82: =ROW()-1 -> 81 | B82: 2026shou | C82: =0.35*LARGE(D82:G82,1)+0.35*LARGE(D82:G82,2)+0.2*LARGE(D82:G82,3)+0.1*H82 -> 189.09091 | D82: =IFERROR(VLOOKUP(B82, 'Duke 1'!A$3:$B$85,2, 0), 0) -> 0 | E82: =IFERROR(VLOOKUP(B82, 'Duke 2'!A$3:$B$522,2, 0), 0) -> 0 | F82: =IFERROR(VLOOKUP(B82, 'Duke 3'!A$3:$B998,2, 0), 0) -> 0 | G82: =IFERROR(VLOOKUP(B82, 'Duke 4'!A$3:$B998,2, 0), 0) -> 0 | H82: =IFERROR(VLOOKUP(B82, Proof!A$2:$B998,2, 0), 0) -> 1890.9091 | K82: 2029wzhang | L82: =0.3*LARGE(M82:P82,1)+0.3*LARGE(M82:P82,2)+0.2*LARGE(M82:P82,3)+0.2*Q82 -> 189.47368 | M82: =IFERROR(VLOOKUP(K82, 'Duke 1'!$A$3:$B998,2, 0), 0) -> 631.57895 | N82: =IFERROR(VLOOKUP(K82, 'Duke 2'!$A$3:$B998,2, 0), 0) -> 0 | O82: =IFERROR(VLOOKUP(K82, 'Duke 3'!$A$3:$B998,2, 0), 0) -> 0 | P82: =IFERROR(VLOOKUP(K82, 'Duke 4'!$A$3:$B998,2, 0), 0) -> 0 | Q82: =IFERROR(VLOOKUP(K82, Proof!$A$3:B998,2, 0), 0) -> 0
A83: =ROW()-1 -> 82 | B83: 2028bhan | C83: =0.35*LARGE(D83:G83,1)+0.35*LARGE(D83:G83,2)+0.2*LARGE(D83:G83,3)+0.1*H83 -> 14.545455 | D83: =IFERROR(VLOOKUP(B83, 'Duke 1'!A$3:$B$85,2, 0), 0) -> 0 | E83: =IFERROR(VLOOKUP(B83, 'Duke 2'!A$3:$B$522,2, 0), 0) -> 0 | F83: =IFERROR(VLOOKUP(B83, 'Duke 3'!A$3:$B998,2, 0), 0) -> 0 | G83: =IFERROR(VLOOKUP(B83, 'Duke 4'!A$3:$B998,2, 0), 0) -> 0 | H83: =IFERROR(VLOOKUP(B83, Proof!A$2:$B998,2, 0), 0) -> 145.45455 | K83: 2028bhan | L83: =0.3*LARGE(M83:P83,1)+0.3*LARGE(M83:P83,2)+0.2*LARGE(M83:P83,3)+0.2*Q83 -> 29.090909 | M83: =IFERROR(VLOOKUP(K83, 'Duke 1'!$A$3:$B998,2, 0), 0) -> 0 | N83: =IFERROR(VLOOKUP(K83, 'Duke 2'!$A$3:$B998,2, 0), 0) -> 0 | O83: =IFERROR(VLOOKUP(K83, 'Duke 3'!$A$3:$B998,2, 0), 0) -> 0 | P83: =IFERROR(VLOOKUP(K83, 'Duke 4'!$A$3:$B998,2, 0), 0) -> 0 | Q83: =IFERROR(VLOOKUP(K83, Proof!$A$3:B998,2, 0), 0) -> 145.45455
A84: =ROW()-1 -> 83 | B84: 2029zxu | C84: =0.35*LARGE(D84:G84,1)+0.35*LARGE(D84:G84,2)+0.2*LARGE(D84:G84,3)+0.1*H84 -> 0 | D84: =IFERROR(VLOOKUP(B84, 'Duke 1'!A$3:$B$85,2, 0), 0) -> 0 | E84: =IFERROR(VLOOKUP(B84, 'Duke 2'!A$3:$B$522,2, 0), 0) -> 0 | F84: =IFERROR(VLOOKUP(B84, 'Duke 3'!A$3:$B998,2, 0), 0) -> 0 | G84: =IFERROR(VLOOKUP(B84, 'Duke 4'!A$3:$B998,2, 0), 0) -> 0 | H84: =IFERROR(VLOOKUP(B84, Proof!A$2:$B998,2, 0), 0) -> 0
A85: =ROW()-1 -> 84 | B85: 2029slakshmi | C85: =0.35*LARGE(D85:G85,1)+0.35*LARGE(D85:G85,2)+0.2*LARGE(D85:G85,3)+0.1*H85 -> 0 | D85: =IFERROR(VLOOKUP(B85, 'Duke 1'!A$3:$B$85,2, 0), 0) -> 0 | E85: =IFERROR(VLOOKUP(B85, 'Duke 2'!A$3:$B$522,2, 0), 0) -> 0 | F85: =IFERROR(VLOOKUP(B85, 'Duke 3'!A$3:$B998,2, 0), 0) -> 0 | G85: =IFERROR(VLOOKUP(B85, 'Duke 4'!A$3:$B998,2, 0), 0) -> 0 | H85: =IFERROR(VLOOKUP(B85, Proof!A$2:$B998,2, 0), 0) -> 0
A86: =ROW()-1 -> 85 | B86: 2029nyerra | C86: =0.35*LARGE(D86:G86,1)+0.35*LARGE(D86:G86,2)+0.2*LARGE(D86:G86,3)+0.1*H86 -> 0 | D86: =IFERROR(VLOOKUP(B86, 'Duke 1'!A$3:$B$85,2, 0), 0) -> 0 | E86: =IFERROR(VLOOKUP(B86, 'Duke 2'!A$3:$B$522,2, 0), 0) -> 0 | F86: =IFERROR(VLOOKUP(B86, 'Duke 3'!A$3:$B998,2, 0), 0) -> 0 | G86: =IFERROR(VLOOKUP(B86, 'Duke 4'!A$3:$B998,2, 0), 0) -> 0 | H86: =IFERROR(VLOOKUP(B86, Proof!A$2:$B998,2, 0), 0) -> 0
A87: =ROW()-1 -> 86 | B87: 2029lhsu | C87: =0.35*LARGE(D87:G87,1)+0.35*LARGE(D87:G87,2)+0.2*LARGE(D87:G87,3)+0.1*H87 -> 0 | D87: =IFERROR(VLOOKUP(B87, 'Duke 1'!A$3:$B$85,2, 0), 0) -> 0 | E87: =IFERROR(VLOOKUP(B87, 'Duke 2'!A$3:$B$522,2, 0), 0) -> 0 | F87: =IFERROR(VLOOKUP(B87, 'Duke 3'!A$3:$B998,2, 0), 0) -> 0 | G87: =IFERROR(VLOOKUP(B87, 'Duke 4'!A$3:$B998,2, 0), 0) -> 0 | H87: =IFERROR(VLOOKUP(B87, Proof!A$2:$B998,2, 0), 0) -> 0
A88: =ROW()-1 -> 87 | B88: 2029kgriggs | C88: =0.35*LARGE(D88:G88,1)+0.35*LARGE(D88:G88,2)+0.2*LARGE(D88:G88,3)+0.1*H88 -> 0 | D88: =IFERROR(VLOOKUP(B88, 'Duke 1'!A$3:$B$85,2, 0), 0) -> 0 | E88: =IFERROR(VLOOKUP(B88, 'Duke 2'!A$3:$B$522,2, 0), 0) -> 0 | F88: =IFERROR(VLOOKUP(B88, 'Duke 3'!A$3:$B998,2, 0), 0) -> 0 | G88: =IFERROR(VLOOKUP(B88, 'Duke 4'!A$3:$B998,2, 0), 0) -> 0 | H88: =IFERROR(VLOOKUP(B88, Proof!A$2:$B998,2, 0), 0) -> 0
A89: =ROW()-1 -> 88 | B89: 2029jxu | C89: =0.35*LARGE(D89:G89,1)+0.35*LARGE(D89:G89,2)+0.2*LARGE(D89:G89,3)+0.1*H89 -> 0 | D89: =IFERROR(VLOOKUP(B89, 'Duke 1'!A$3:$B$85,2, 0), 0) -> 0 | E89: =IFERROR(VLOOKUP(B89, 'Duke 2'!A$3:$B$522,2, 0), 0) -> 0 | F89: =IFERROR(VLOOKUP(B89, 'Duke 3'!A$3:$B998,2, 0), 0) -> 0 | G89: =IFERROR(VLOOKUP(B89, 'Duke 4'!A$3:$B998,2, 0), 0) -> 0 | H89: =IFERROR(VLOOKUP(B89, Proof!A$2:$B998,2, 0), 0) -> 0
A90: =ROW()-1 -> 89 | B90: 2029jsohn | C90: =0.35*LARGE(D90:G90,1)+0.35*LARGE(D90:G90,2)+0.2*LARGE(D90:G90,3)+0.1*H90 -> 0 | D90: =IFERROR(VLOOKUP(B90, 'Duke 1'!A$3:$B$85,2, 0), 0) -> 0 | E90: =IFERROR(VLOOKUP(B90, 'Duke 2'!A$3:$B$522,2, 0), 0) -> 0 | F90: =IFERROR(VLOOKUP(B90, 'Duke 3'!A$3:$B998,2, 0), 0) -> 0 | G90: =IFERROR(VLOOKUP(B90, 'Duke 4'!A$3:$B998,2, 0), 0) -> 0 | H90: =IFERROR(VLOOKUP(B90, Proof!A$2:$B998,2, 0), 0) -> 0
A91: =ROW()-1 -> 90 | B91: 2029jkaur | C91: =0.35*LARGE(D91:G91,1)+0.35*LARGE(D91:G91,2)+0.2*LARGE(D91:G91,3)+0.1*H91 -> 0 | D91: =IFERROR(VLOOKUP(B91, 'Duke 1'!A$3:$B$85,2, 0), 0) -> 0 | E91: =IFERROR(VLOOKUP(B91, 'Duke 2'!A$3:$B$522,2, 0), 0) -> 0 | F91: =IFERROR(VLOOKUP(B91, 'Duke 3'!A$3:$B998,2, 0), 0) -> 0 | G91: =IFERROR(VLOOKUP(B91, 'Duke 4'!A$3:$B998,2, 0), 0) -> 0 | H91: =IFERROR(VLOOKUP(B91, Proof!A$2:$B998,2, 0), 0) -> 0
A92: =ROW()-1 -> 91 | B92: 2029hlee1 | C92: =0.35*LARGE(D92:G92,1)+0.35*LARGE(D92:G92,2)+0.2*LARGE(D92:G92,3)+0.1*H92 -> 0 | D92: =IFERROR(VLOOKUP(B92, 'Duke 1'!A$3:$B$85,2, 0), 0) -> 0 | E92: =IFERROR(VLOOKUP(B92, 'Duke 2'!A$3:$B$522,2, 0), 0) -> 0 | F92: =IFERROR(VLOOKUP(B92, 'Duke 3'!A$3:$B998,2, 0), 0) -> 0 | G92: =IFERROR(VLOOKUP(B92, 'Duke 4'!A$3:$B998,2, 0), 0) -> 0 | H92: =IFERROR(VLOOKUP(B92, Proof!A$2:$B998,2, 0), 0) -> 0
A93: =ROW()-1 -> 92 | B93: 2029exu | C93: =0.35*LARGE(D93:G93,1)+0.35*LARGE(D93:G93,2)+0.2*LARGE(D93:G93,3)+0.1*H93 -> 0 | D93: =IFERROR(VLOOKUP(B93, 'Duke 1'!A$3:$B$85,2, 0), 0) -> 0 | E93: =IFERROR(VLOOKUP(B93, 'Duke 2'!A$3:$B$522,2, 0), 0) -> 0 | F93: =IFERROR(VLOOKUP(B93, 'Duke 3'!A$3:$B998,2, 0), 0) -> 0 | G93: =IFERROR(VLOOKUP(B93, 'Duke 4'!A$3:$B998,2, 0), 0) -> 0 | H93: =IFERROR(VLOOKUP(B93, Proof!A$2:$B998,2, 0), 0) -> 0
A94: =ROW()-1 -> 93 | B94: 2029azhang | C94: =0.35*LARGE(D94:G94,1)+0.35*LARGE(D94:G94,2)+0.2*LARGE(D94:G94,3)+0.1*H94 -> 0 | D94: =IFERROR(VLOOKUP(B94, 'Duke 1'!A$3:$B$85,2, 0), 0) -> 0 | E94: =IFERROR(VLOOKUP(B94, 'Duke 2'!A$3:$B$522,2, 0), 0) -> 0 | F94: =IFERROR(VLOOKUP(B94, 'Duke 3'!A$3:$B998,2, 0), 0) -> 0 | G94: =IFERROR(VLOOKUP(B94, 'Duke 4'!A$3:$B998,2, 0), 0) -> 0 | H94: =IFERROR(VLOOKUP(B94, Proof!A$2:$B998,2, 0), 0) -> 0
A95: =ROW()-1 -> 94 | B95: 2029arokari | C95: =0.35*LARGE(D95:G95,1)+0.35*LARGE(D95:G95,2)+0.2*LARGE(D95:G95,3)+0.1*H95 -> 0 | D95: =IFERROR(VLOOKUP(B95, 'Duke 1'!A$3:$B$85,2, 0), 0) -> 0 | E95: =IFERROR(VLOOKUP(B95, 'Duke 2'!A$3:$B$522,2, 0), 0) -> 0 | F95: =IFERROR(VLOOKUP(B95, 'Duke 3'!A$3:$B998,2, 0), 0) -> 0 | G95: =IFERROR(VLOOKUP(B95, 'Duke 4'!A$3:$B998,2, 0), 0) -> 0 | H95: =IFERROR(VLOOKUP(B95, Proof!A$2:$B998,2, 0), 0) -> 0
A96: =ROW()-1 -> 95 | B96: 2029akhan | C96: =0.35*LARGE(D96:G96,1)+0.35*LARGE(D96:G96,2)+0.2*LARGE(D96:G96,3)+0.1*H96 -> 0 | D96: =IFERROR(VLOOKUP(B96, 'Duke 1'!A$3:$B$85,2, 0), 0) -> 0 | E96: =IFERROR(VLOOKUP(B96, 'Duke 2'!A$3:$B$522,2, 0), 0) -> 0 | F96: =IFERROR(VLOOKUP(B96, 'Duke 3'!A$3:$B998,2, 0), 0) -> 0 | G96: =IFERROR(VLOOKUP(B96, 'Duke 4'!A$3:$B998,2, 0), 0) -> 0 | H96: =IFERROR(VLOOKUP(B96, Proof!A$2:$B998,2, 0), 0) -> 0
A97: =ROW()-1 -> 96 | B97: 2029agupta | C97: =0.35*LARGE(D97:G97,1)+0.35*LARGE(D97:G97,2)+0.2*LARGE(D97:G97,3)+0.1*H97 -> 0 | D97: =IFERROR(VLOOKUP(B97, 'Duke 1'!A$3:$B$85,2, 0), 0) -> 0 | E97: =IFERROR(VLOOKUP(B97, 'Duke 2'!A$3:$B$522,2, 0), 0) -> 0 | F97: =IFERROR(VLOOKUP(B97, 'Duke 3'!A$3:$B998,2, 0), 0) -> 0 | G97: =IFERROR(VLOOKUP(B97, 'Duke 4'!A$3:$B998,2, 0), 0) -> 0 | H97: =IFERROR(VLOOKUP(B97, Proof!A$2:$B998,2, 0), 0) -> 0
A98: =ROW()-1 -> 97 | B98: 2029aacharya | C98: =0.35*LARGE(D98:G98,1)+0.35*LARGE(D98:G98,2)+0.2*LARGE(D98:G98,3)+0.1*H98 -> 0 | D98: =IFERROR(VLOOKUP(B98, 'Duke 1'!A$3:$B$85,2, 0), 0) -> 0 | E98: =IFERROR(VLOOKUP(B98, 'Duke 2'!A$3:$B$522,2, 0), 0) -> 0 | F98: =IFERROR(VLOOKUP(B98, 'Duke 3'!A$3:$B998,2, 0), 0) -> 0 | G98: =IFERROR(VLOOKUP(B98, 'Duke 4'!A$3:$B998,2, 0), 0) -> 0 | H98: =IFERROR(VLOOKUP(B98, Proof!A$2:$B998,2, 0), 0) -> 0
A99: =ROW()-1 -> 98 | B99: 2028zzahid | C99: =0.35*LARGE(D99:G99,1)+0.35*LARGE(D99:G99,2)+0.2*LARGE(D99:G99,3)+0.1*H99 -> 0 | D99: =IFERROR(VLOOKUP(B99, 'Duke 1'!A$3:$B$85,2, 0), 0) -> 0 | E99: =IFERROR(VLOOKUP(B99, 'Duke 2'!A$3:$B$522,2, 0), 0) -> 0 | F99: =IFERROR(VLOOKUP(B99, 'Duke 3'!A$3:$B998,2, 0), 0) -> 0 | G99: =IFERROR(VLOOKUP(B99, 'Duke 4'!A$3:$B998,2, 0), 0) -> 0 | H99: =IFERROR(VLOOKUP(B99, Proof!A$2:$B998,2, 0), 0) -> 0
A100: =ROW()-1 -> 99 | B100: 2028zrasti | C100: =0.35*LARGE(D100:G100,1)+0.35*LARGE(D100:G100,2)+0.2*LARGE(D100:G100,3)+0.1*H100 -> 0 | D100: =IFERROR(VLOOKUP(B100, 'Duke 1'!A$3:$B$85,2, 0), 0) -> 0 | E100: =IFERROR(VLOOKUP(B100, 'Duke 2'!A$3:$B$522,2, 0), 0) -> 0 | F100: =IFERROR(VLOOKUP(B100, 'Duke 3'!A$3:$B998,2, 0), 0) -> 0 | G100: =IFERROR(VLOOKUP(B100, 'Duke 4'!A$3:$B998,2, 0), 0) -> 0 | H100: =IFERROR(VLOOKUP(B100, Proof!A$2:$B998,2, 0), 0) -> 0
...

Sheet Duke 1
A1: Ion ID | B1: Index | C1: userId | D1: Total | E1: P1 | F1: P2 | G1: P3 | H1: P4 | I1: P5 | J1: P6 | L1: Top 12 Average | M1: {=sum(large(D3:D556,column(indirect("$A$1:" &ADDRESS( 1, 12)))))/12} -> 3.1666667
A2: SUMS | E2: =SUM(E3:E104) -> 21 | F2: =SUM(F3:F104) -> 5 | G2: =SUM(G3:G104) -> 15 | H2: =SUM(H3:H104) -> 7 | I2: =SUM(I3:I104) -> 5 | J2: =SUM(J3:J104) -> 5
A3: 2028syan | B3: =D3/M$1*2000 -> 3789.4737 | C3: =VLOOKUP(A3, hash!A$2:B$500, 2, 0) -> 66e1e1237a8e6dc2aed3a642 | D3: =SUM(E3:J3) -> 6 | E3: 1 | F3: 1 | G3: 1 | H3: 1 | I3: 1 | J3: 1
A4: 2026rwang | B4: =D4/M$1*2000 -> 3157.8947 | C4: =VLOOKUP(A4, hash!A$2:B$500, 2, 0) -> 6322202c0aa8ba2dbc57c0a6 | D4: =SUM(E4:J4) -> 5 | E4: 1 | F4: 1 | G4: 1 | H4: 1 | I4: 0 | J4: 1
A5: 2027pdu | B5: =D5/M$1*2000 -> 3157.8947 | C5: =VLOOKUP(A5, hash!A$2:B$500, 2, 0) -> 6502005e1d8cbbbd315ad52c | D5: =SUM(E5:J5) -> 5 | E5: 1 | F5: 1 | G5: 0 | H5: 1 | I5: 1 | J5: 1
A6: 2027esombhat | B6: =D6/M$1*2000 -> 2526.3158 | C6: =VLOOKUP(A6, hash!A$2:B$500, 2, 0) -> 65020037540ba7cc68909a9b | D6: =SUM(E6:J6) -> 4 | E6: 1 | F6: 0 | G6: 1 | H6: 1 | I6: 1 | J6: 0
A7: 2026jma | B7: =D7/M$1*2000 -> 2526.3158 | C7: =VLOOKUP(A7, hash!A$2:B$500, 2, 0) -> 65020be78f2b101294bb3da8 | D7: =SUM(E7:J7) -> 4 | E7: 1 | F7: 1 | G7: 1 | H7: 1 | I7: 0 | J7: 0
A8: 2027vcao | B8: =D8/M$1*2000 -> 1894.7368 | C8: =VLOOKUP(A8, hash!A$2:B$500, 2, 0) -> 65020bfc097ac3c9d063264d | D8: =SUM(E8:J8) -> 3 | E8: 1 | F8: 0 | G8: 1 | H8: 0 | I8: 0 | J8: 1
A9: 2026mzhao | B9: =D9/M$1*2000 -> 1263.1579 | C9: =VLOOKUP(A9, hash!A$2:B$500, 2, 0) -> 632220270aa8ba2dbc57c0a4 | D9: =SUM(E9:J9) -> 2 | E9: 1 | F9: 0 | G9: 1 | H9: 0 | I9: 0 | J9: 0
A10: 2027ahao | B10: =D10/M$1*2000 -> 1263.1579 | C10: =VLOOKUP(A10, hash!A$2:B$500, 2, 0) -> 6502003d1d8cbbbd315ad525 | D10: =SUM(E10:J10) -> 2 | E10: 1 | F10: 0 | G10: 0 | H10: 0 | I10: 1 | J10: 0
A11: 2027itennyso | B11: =D11/M$1*2000 -> 1263.1579 | C11: =VLOOKUP(A11, hash!A$2:B$500, 2, 0) -> 6502007357ae167867eac223 | D11: =SUM(E11:J11) -> 2 | E11: 1 | F11: 0 | G11: 1 | H11: 0 | I11: 0 | J11: 0
A12: 2027eshan | B12: =D12/M$1*2000 -> 1263.1579 | C12: =VLOOKUP(A12, hash!A$2:B$500, 2, 0) -> 66e1e1659bdd593ffcd624e6 | D12: =SUM(E12:J12) -> 2 | E12: 1 | F12: 0 | G12: 0 | H12: 1 | I12: 0 | J12: 0
A13: 2029sbi | B13: =D13/M$1*2000 -> 1263.1579 | C13: =VLOOKUP(A13, hash!A$2:B$500, 2, 0) -> 68c1d00f9147fa44206d10b5 | D13: =SUM(E13:J13) -> 2 | E13: 1 | F13: 0 | G13: 1 | H13: 0 | I13: 0 | J13: 0
A14: 2027eguo | B14: =D14/M$1*2000 -> 631.57895 | C14: =VLOOKUP(A14, hash!A$2:B$500, 2, 0) -> 66e1e1277a8e6dc2aed3a645 | D14: =SUM(E14:J14) -> 1 | E14: 0 | F14: 0 | G14: 0 | H14: 0 | I14: 0 | J14: 1
... A85: 2029bchu | B85: =D85/M$1*2000 -> 0 | C85: =VLOOKUP(A85, hash!A$2:B$500, 2, 0) -> #N/A | D85: =SUM(E85:J85) -> 0 | E85: 0 | F85: 0 | G85: 0 | H85: 0 | I85: 0 | J85: 0
B86: =D86/M$1*2000 -> 0 | C86: =VLOOKUP(A86, hash!A$2:B$500, 2, 0) -> #N/A | D86: =SUM(E86:J86) -> 0 | E86: 0 | F86: 0
B87: =D87/M$1*2000 -> 0 | C87: =VLOOKUP(A87, hash!A$2:B$500, 2, 0) -> #N/A | D87: =SUM(E87:J87) -> 0
B88: =D88/M$1*2000 -> 0 | C88: =VLOOKUP(A88, hash!A$2:B$500, 2, 0) -> #N/A | D88: =SUM(E88:J88) -> 0
B89: =D89/M$1*2000 -> 0 | C89: =VLOOKUP(A89, hash!A$2:B$500, 2, 0) -> #N/A | D89: =SUM(E89:J89) -> 0
B90: =D90/M$1*2000 -> 0 | C90: =VLOOKUP(A90, hash!A$2:B$500, 2, 0) -> #N/A | D90: =SUM(E90:J90) -> 0
B91: =D91/M$1*2000 -> 0 | C91: =VLOOKUP(A91, hash!A$2:B$500, 2, 0) -> #N/A | D91: =SUM(E91:J91) -> 0
B92: =D92/M$1*2000 -> 0 | C92: =VLOOKUP(A92, hash!A$2:B$500, 2, 0) -> #N/A | D92: =SUM(E92:J92) -> 0
B93: =D93/M$1*2000 -> 0 | C93: =VLOOKUP(A93, hash!A$2:B$500, 2, 0) -> #N/A | D93: =SUM(E93:J93) -> 0
B94: =D94/M$1*2000 -> 0 | C94: =VLOOKUP(A94, hash!A$2:B$500, 2, 0) -> #N/A | D94: =SUM(E94:J94) -> 0
B95: =D95/M$1*2000 -> 0 | C95: =VLOOKUP(A95, hash!A$2:B$500, 2, 0) -> #N/A | D95: =SUM(E95:J95) -> 0
B96: =D96/M$1*2000 -> 0 | C96: =VLOOKUP(A96, hash!A$2:B$500, 2, 0) -> #N/A | D96: =SUM(E96:J96) -> 0
B97: =D97/M$1*2000 -> 0 | C97: =VLOOKUP(A97, hash!A$2:B$500, 2, 0) -> #N/A | D97: =SUM(E97:J97) -> 0
B98: =D98/M$1*2000 -> 0 | C98: =VLOOKUP(A98, hash!A$2:B$500, 2, 0) -> #N/A | D98: =SUM(E98:J98) -> 0
... B104: =D104/M$1*2000 -> 0 | C104: =VLOOKUP(A104, hash!A$2:B$500, 2, 0) -> #N/A | D104: =SUM(E104:J104) -> 0

Sheet Duke 2
A1: Ion ID | B1: =D1/M$1*2000 -> 0 | C1: =VLOOKUP(A1, hash!A$2:B$500, 2, 0) -> #N/A | D1: =SUM(E1:J1) -> 0 | E1: P1 | F1: P2 | G1: P3 | H1: P4 | I1: P5 | J1: P6 | L1: Top 12 Average | M1: {=sum(large(D3:D993,column(indirect("$A$1:" &ADDRESS( 1, 12)))))/12} -> 1.3333333
E2: =SUM(E3:E547) -> 0 | F2: =SUM(F3:F547) -> 3 | G2: =SUM(G3:G547) -> 2 | H2: =SUM(H3:H547) -> 0 | I2: =SUM(I3:I547) -> 1 | J2: =SUM(J3:J547) -> 74
A3: 2026rwang | B3: =D3/M$1*2000 -> 6000 | C3: =VLOOKUP(A3, hash!A$2:B$500, 2, 0) -> 6322202c0aa8ba2dbc57c0a6 | D3: =SUM(E3:J3) -> 4 | E3: 0 | F3: 1 | G3: 1 | H3: 0 | I3: 1 | J3: 1
A4: 2029nmaloney | B4: =D4/M$1*2000 -> 3000 | C4: =VLOOKUP(A4, hash!A$2:B$500, 2, 0) -> 68c1ceeed4e889598e7f612e | D4: =SUM(E4:J4) -> 2 | E4: 0 | F4: 0 | G4: 1 | H4: 0 | I4: 0 | J4: 1
A5: 2026mzhao | B5: =D5/M$1*2000 -> 1500 | C5: =VLOOKUP(A5, hash!A$2:B$500, 2, 0) -> 632220270aa8ba2dbc57c0a4 | D5: =SUM(E5:J5) -> 1 | E5: 0 | F5: 0 | G5: 0 | H5: 0 | I5: 0 | J5: 1
A6: 2026owu | B6: =D6/M$1*2000 -> 1500 | C6: =VLOOKUP(A6, hash!A$2:B$500, 2, 0) -> 6322236ef382c17890e6a3e1 | D6: =SUM(E6:J6) -> 1 | E6: 0 | F6: 0 | G6: 0 | H6: 0 | I6: 0 | J6: 1
A7: 2026cmorimot | B7: =D7/M$1*2000 -> 1500 | C7: =VLOOKUP(A7, hash!A$2:B$500, 2, 0) -> 63222c2fed58d92b843f7cbf | D7: =SUM(E7:J7) -> 1 | E7: 0 | F7: 0 | G7: 0 | H7: 0 | I7: 0 | J7: 1
A8: 2026rsingh2 | B8: =D8/M$1*2000 -> 1500 | C8: =VLOOKUP(A8, hash!A$2:B$500, 2, 0) -> 63222da0116f680d68804fa7 | D8: =SUM(E8:J8) -> 1 | E8: 0 | F8: 0 | G8: 0 | H8: 0 | I8: 0 | J8: 1
A9: 2026agupta | B9: =D9/M$1*2000 -> 1500 | C9: =VLOOKUP(A9, hash!A$2:B$500, 2, 0) -> 6334931c5db42318c75b941a | D9: =SUM(E9:J9) -> 1 | E9: 0 | F9: 0 | G9: 0 | H9: 0 | I9: 0 | J9: 1
A10: 2026abaradhi | B10: =D10/M$1*2000 -> 1500 | C10: =VLOOKUP(A10, hash!A$2:B$500, 2, 0) -> 64515f804c53122bd367c958 | D10: =SUM(E10:J10) -> 1 | E10: 0 | F10: 0 | G10: 0 | H10: 0 | I10: 0 | J10: 1
A11: 2027esombhat | B11: =D11/M$1*2000 -> 1500 | C11: =VLOOKUP(A11, hash!A$2:B$500, 2, 0) -> 65020037540ba7cc68909a9b | D11: =SUM(E11:J11) -> 1 | E11: 0 | F11: 0 | G11: 0 | H11: 0 | I11: 0 | J11: 1
A12: 2027ahao | B12: =D12/M$1*2000 -> 1500 | C12: =VLOOKUP(A12, hash!A$2:B$500, 2, 0) -> 6502003d1d8cbbbd315ad525 | D12: =SUM(E12:J12) -> 1 | E12: 0 | F12: 0 | G12: 0 | H12: 0 | I12: 0 | J12: 1
A13: 2027pdu | B13: =D13/M$1*2000 -> 1500 | C13: =VLOOKUP(A13, hash!A$2:B$500, 2, 0) -> 6502005e1d8cbbbd315ad52c | D13: =SUM(E13:J13) -> 1 | E13: 0 | F13: 0 | G13: 0 | H13: 0 | I13: 0 | J13: 1
A14: 2027itennyso | B14: =D14/M$1*2000 -> 1500 | C14: =VLOOKUP(A14, hash!A$2:B$500, 2, 0) -> 6502007357ae167867eac223 | D14: =SUM(E14:J14) -> 1 | E14: 0 | F14: 0 | G14: 0 | H14: 0 | I14: 0 | J14: 1
... A489: 2029azhang | B489: =D489/M$1*2000 -> 0 | C489: =VLOOKUP(A489, hash!A$2:B$500, 2, 0) -> 68c1c4b68d697869a6c944dd | D489: =SUM(E489:J489) -> 0 | E489: 0 | F489: 0 | G489: 0 | H489: 0 | I489: 0 | J489: 0
A490: 2029jshah1 | B490: =D490/M$1*2000 -> 0 | C490: =VLOOKUP(A490, hash!A$2:B$500, 2, 0) -> 68c1c4be8d697869a6c944e0 | D490: =SUM(E490:J490) -> 0 | E490: =SUM(E23:E489) -> 0 | F490: 0 | G490: 0 | H490: 0 | I490: 0 | J490: 0
A491: 2028dpark | B491: =D491/M$1*2000 -> 0 | C491: =VLOOKUP(A491, hash!A$2:B$500, 2, 0) -> 68c1cdeef8ef417ee79a4d67 | D491: =SUM(E491:J491) -> 0 | E491: 0 | F491: 0 | G491: 0 | H491: 0 | I491: 0 | J491: 0
A492: 2029aliu | B492: =D492/M$1*2000 -> 0 | C492: =VLOOKUP(A492, hash!A$2:B$500, 2, 0) -> 68c1ce28f8ef417ee79a4d6d | D492: =SUM(E492:J492) -> 0 | E492: 0 | F492: 0 | G492: 0 | H492: 0 | I492: 0 | J492: 0
A493: 2028nbhaskar | B493: =D493/M$1*2000 -> 0 | C493: =VLOOKUP(A493, hash!A$2:B$500, 2, 0) -> 68c1ce44f8ef417ee79a4d6e | D493: =SUM(E493:J493) -> 0 | E493: 0 | F493: 0 | G493: 0 | H493: 0 | I493: 0 | J493: 0
A494: 2028jlai | B494: =D494/M$1*2000 -> 0 | C494: =VLOOKUP(A494, hash!A$2:B$500, 2, 0) -> 68c1cf45d4e889598e7f6130 | D494: =SUM(E494:J494) -> 0 | E494: 0 | F494: 0 | G494: 0 | H494: 0 | I494: 0 | J494: 0
A495: 2028ngole | B495: =D495/M$1*2000 -> 0 | C495: =VLOOKUP(A495, hash!A$2:B$500, 2, 0) -> 68c1cf466c36cb3b60206bc2 | D495: =SUM(E495:J495) -> 0 | E495: 0 | F495: 0 | G495: 0 | H495: 0 | I495: 0 | J495: 0
A496: 2029ashah | B496: =D496/M$1*2000 -> 0 | C496: =VLOOKUP(A496, hash!A$2:B$500, 2, 0) -> 68c1cf4cd4e889598e7f6132 | D496: =SUM(E496:J496) -> 0 | E496: 0 | F496: 0 | G496: 0 | H496: 0 | I496: 0 | J496: 0
A497: 2027kkuppusa | B497: =D497/M$1*2000 -> 0 | C497: =VLOOKUP(A497, hash!A$2:B$500, 2, 0) -> 68c1cf50d4e889598e7f6133 | D497: =SUM(E497:J497) -> 0 | E497: 0 | F497: 0 | G497: 0 | H497: 0 | I497: 0 | J497: 0
A498: 2028ccastell | B498: =D498/M$1*2000 -> 0 | C498: =VLOOKUP(A498, hash!A$2:B$500, 2, 0) -> 68c1cf75d4e889598e7f613a | D498: =SUM(E498:J498) -> 0 | E498: 0 | F498: 0 | G498: 0 | H498: 0 | I498: 0 | J498: 0
A499: 2027eoh | B499: =D499/M$1*2000 -> 0 | C499: =VLOOKUP(A499, hash!A$2:B$500, 2, 0) -> 68c1cf95d4e889598e7f613d | D499: =SUM(E499:J499) -> 0 | E499: 0 | F499: 0 | G499: 0 | H499: 0 | I499: 0 | J499: 0
A500: 2029vbal | B500: =D500/M$1*2000 -> 1500 | C500: =VLOOKUP(A500, hash!A$2:B$500, 2, 0) -> 68c1cfcf6c36cb3b60206bc4 | D500: =SUM(E500:J500) -> 1 | E500: 0 | F500: 0 | G500: 0 | H500: 0 | I500: 0 | J500: 1
A501: 2029ahannan | B501: =D501/M$1*2000 -> 0 | C501: =VLOOKUP(A501, hash!A$2:B$500, 2, 0) -> 68c1cfdb6c36cb3b60206bc5 | D501: =SUM(E501:J501) -> 0 | E501: 0 | F501: 0 | G501: 0 | H501: 0 | I501: 0 | J501: 0
A502: 2029achennad | B502: =D502/M$1*2000 -> 1500 | C502: =VLOOKUP(A502, hash!A$2:B$500, 2, 0) -> 68c1d003f29fd291859a49b7 | D502: =SUM(E502:J502) -> 1 | E502: 0 | F502: 0 | G502: 0 | H502: 0 | I502: 0 | J502: 1
... A522: 2029blee | B522: =D522/M$1*2000 -> 0 | C522: =VLOOKUP(A522, hash!A$2:B$500, 2, 0) -> #N/A | D522: =SUM(E522:J522) -> 0 | E522: 0 | F522: 0 | G522: 0 | H522: 0 | I522: 0 | J522: 0
B523: =D523/M$1*2000 -> 0 | C523: =VLOOKUP(A523, hash!A$2:B$500, 2, 0) -> #N/A | D523: =SUM(E523:J523) -> 0 | E523: 0 | F523: 0 | G523: 0
B524: =D524/M$1*2000 -> 0 | C524: =VLOOKUP(A524, hash!A$2:B$500, 2, 0) -> #N/A | D524: =SUM(E524:J524) -> 0 | E524: 0 | F524: 0 | G524: 0
B525: =D525/M$1*2000 -> 0 | C525: =VLOOKUP(A525, hash!A$2:B$500, 2, 0) -> #N/A | D525: =SUM(E525:J525) -> 0 | E525: 0 | F525: 0
B526: =D526/M$1*2000 -> 0 | C526: =VLOOKUP(A526, hash!A$2:B$500, 2, 0) -> #N/A | D526: =SUM(E526:J526) -> 0 | E526: 0 | F526: 0
B527: =D527/M$1*2000 -> 0 | C527: =VLOOKUP(A527, hash!A$2:B$500, 2, 0) -> #N/A | D527: =SUM(E527:J527) -> 0 | E527: 0 | F527: 0
B528: =D528/M$1*2000 -> 0 | C528: =VLOOKUP(A528, hash!A$2:B$500, 2, 0) -> #N/A | D528: =SUM(E528:J528) -> 0 | E528: 0 | F528: 0
B529: =D529/M$1*2000 -> 0 | C529: =VLOOKUP(A529, hash!A$2:B$500, 2, 0) -> #N/A | D529: =SUM(E529:J529) -> 0 | E529: 0 | F529: 0
B530: =D530/M$1*2000 -> 0 | C530: =VLOOKUP(A530, hash!A$2:B$500, 2, 0) -> #N/A | D530: =SUM(E530:J530) -> 0 | E530: 0 | F530: 0
B531: =D531/M$1*2000 -> 0 | C531: =VLOOKUP(A531, hash!A$2:B$500, 2, 0) -> #N/A | D531: =SUM(E531:J531) -> 0 | E531: 0 | F531: 0
B532: =D532/M$1*2000 -> 0 | C532: =VLOOKUP(A532, hash!A$2:B$500, 2, 0) -> #N/A | D532: =SUM(E532:J532) -> 0 | E532: 0 | F532: 0
B533: =D533/M$1*2000 -> 0 | C533: =VLOOKUP(A533, hash!A$2:B$500, 2, 0) -> #N/A | D533: =SUM(E533:J533) -> 0 | E533: 0 | F533: 0
B534: =D534/M$1*2000 -> 0 | C534: =VLOOKUP(A534, hash!A$2:B$500, 2, 0) -> #N/A | D534: =SUM(E534:J534) -> 0 | E534: 0 | F534: 0
B535: =D535/M$1*2000 -> 0 | C535: =VLOOKUP(A535, hash!A$2:B$500, 2, 0) -> #N/A | D535: =SUM(E535:J535) -> 0 | E535: 0 | F535: 0
B536: =D536/M$1*2000 -> 0 | C536: =VLOOKUP(A536, hash!A$2:B$500, 2, 0) -> #N/A | D536: =SUM(E536:J536) -> 0 | E536: 0 | F536: 0
... B547: =D547/M$1*2000 -> 0 | C547: =VLOOKUP(A547, hash!A$2:B$500, 2, 0) -> #N/A | D547: =SUM(E547:J547) -> 0 | E547: 0 | F547: 0

Sheet Duke 3
A1: Ion ID | B1: Index | C1: userId | D1: Total | E1: P1 | F1: P2 | G1: P3 | H1: P4 | I1: P5 | J1: P6 | L1: Top 12 Average | M1: {=sum(large(D3:D870,column(indirect("$A$1:" &ADDRESS( 1, 12)))))/12} -> 2.25
E2: =SUM(E3:E102) -> 28 | F2: =SUM(F3:F102) -> 21 | G2: =SUM(G3:G102) -> 2 | H2: =SUM(H3:H102) -> 0 | I2: =SUM(I3:I102) -> 0 | J2: =SUM(J3:J102) -> 3
A3: 2026rwang | B3: =D3/M$1*2000 -> 3555.5556 | C3: =VLOOKUP(A3, hash!A$2:B$500, 2, 0) -> 6322202c0aa8ba2dbc57c0a6 | D3: =SUM(E3:J3) -> 4 | E3: 1 | F3: 1 | G3: 1 | H3: 0 | I3: 0 | J3: 1
A4: 2027smahmud | B4: =D4/M$1*2000 -> 2666.6667 | C4: =VLOOKUP(A4, hash!A$2:B$500, 2, 0) -> 651dadf4a69631c34bde617f | D4: =SUM(E4:J4) -> 3 | E4: 1 | F4: 1 | G4: 0 | H4: 0 | I4: 0 | J4: 1
A5: 2027pdu | B5: =D5/M$1*2000 -> 1777.7778 | C5: =VLOOKUP(A5, hash!A$2:B$500, 2, 0) -> 6502005e1d8cbbbd315ad52c | D5: =SUM(E5:J5) -> 2 | E5: 1 | F5: 1 | G5: 0 | H5: 0 | I5: 0 | J5: 0
A6: 2027vcao | B6: =D6/M$1*2000 -> 1777.7778 | C6: =VLOOKUP(A6, hash!A$2:B$500, 2, 0) -> 65020bfc097ac3c9d063264d | D6: =SUM(E6:J6) -> 2 | E6: 1 | F6: 1 | G6: 0 | H6: 0 | I6: 0 | J6: 0
A7: 2028syan | B7: =D7/M$1*2000 -> 1777.7778 | C7: =VLOOKUP(A7, hash!A$2:B$500, 2, 0) -> 66e1e1237a8e6dc2aed3a642 | D7: =SUM(E7:J7) -> 2 | E7: 1 | F7: 1 | G7: 0 | H7: 0 | I7: 0 | J7: 0
A8: 2027eguo | B8: =D8/M$1*2000 -> 1777.7778 | C8: =VLOOKUP(A8, hash!A$2:B$500, 2, 0) -> 66e1e1277a8e6dc2aed3a645 | D8: =SUM(E8:J8) -> 2 | E8: 1 | F8: 1 | G8: 0 | H8: 0 | I8: 0 | J8: 0
A9: 2026mzhao | B9: =D9/M$1*2000 -> 1777.7778 | C9: =VLOOKUP(A9, hash!A$2:B$500, 2, 0) -> 632220270aa8ba2dbc57c0a4 | D9: =SUM(E9:J9) -> 2 | E9: 1 | F9: 1 | G9: 0 | H9: 0 | I9: 0 | J9: 0
A10: 2026rsingh2 | B10: =D10/M$1*2000 -> 1777.7778 | C10: =VLOOKUP(A10, hash!A$2:B$500, 2, 0) -> 63222da0116f680d68804fa7 | D10: =SUM(E10:J10) -> 2 | E10: 1 | F10: 1 | G10: 0 | H10: 0 | I10: 0 | J10: 0
A11: 2027ahao | B11: =D11/M$1*2000 -> 1777.7778 | C11: =VLOOKUP(A11, hash!A$2:B$500, 2, 0) -> 6502003d1d8cbbbd315ad525 | D11: =SUM(E11:J11) -> 2 | E11: 1 | F11: 1 | G11: 0 | H11: 0 | I11: 0 | J11: 0
A12: 2027itennyso | B12: =D12/M$1*2000 -> 1777.7778 | C12: =VLOOKUP(A12, hash!A$2:B$500, 2, 0) -> 6502007357ae167867eac223 | D12: =SUM(E12:J12) -> 2 | E12: 1 | F12: 1 | G12: 0 | H12: 0 | I12: 0 | J12: 0
A13: 2026jma | B13: =D13/M$1*2000 -> 1777.7778 | C13: =VLOOKUP(A13, hash!A$2:B$500, 2, 0) -> 65020be78f2b101294bb3da8 | D13: =SUM(E13:J13) -> 2 | E13: 1 | F13: 1 | G13: 0 | H13: 0 | I13: 0 | J13: 0
A14: 2028ktabakov | B14: =D14/M$1*2000 -> 1777.7778 | C14: =VLOOKUP(A14, hash!A$2:B$500, 2, 0) -> 672a75c30d4b802ed589275d | D14: =SUM(E14:J14) -> 2 | E14: 1 | F14: 1 | G14: 0 | H14: 0 | I14: 0 | J14: 0
... A57: 2029kshen | B57: =D57/M$1*2000 -> 0 | C57: =VLOOKUP(A57, hash!A$2:B$500, 2, 0) -> 68a8f8ba8829a7be88667a86 | D57: =SUM(E57:J57) -> 0 | E57: 0 | F57: 0 | G57: 0 | H57: 0 | I57: 0 | J57: 0
A58: 2028gkanakad | B58: =D58/M$1*2000 -> 0 | C58: =VLOOKUP(A58, hash!A$2:B$500, 2, 0) -> 68ae776645784f0c9b674d14 | D58: =SUM(E58:J58) -> 0
A59: 2028bkong | B59: =D59/M$1*2000 -> 0 | C59: =VLOOKUP(A59, hash!A$2:B$500, 2, 0) -> 68af5fb7a3c82a4914c27eae | D59: =SUM(E59:J59) -> 0 | E59: 0 | F59: 0 | G59: 0 | H59: 0 | I59: 0 | J59: 0
A60: 2029rkallama | B60: =D60/M$1*2000 -> 0 | C60: =VLOOKUP(A60, hash!A$2:B$500, 2, 0) -> 68b201d43ba156dcc33e83fd | D60: =SUM(E60:J60) -> 0 | E60: 0 | F60: 0 | G60: 0 | H60: 0 | I60: 0 | J60: 0
A61: 2028hneiberl | B61: =D61/M$1*2000 -> 0 | C61: =VLOOKUP(A61, hash!A$2:B$500, 2, 0) -> 68c1c2d66d9fc0b28257c5ec | D61: =SUM(E61:J61) -> 0
A62: 2028pmotahar | B62: =D62/M$1*2000 -> 0 | C62: =VLOOKUP(A62, hash!A$2:B$500, 2, 0) -> 68c1c2fb9900186967b69332 | D62: =SUM(E62:J62) -> 0
A63: 2029wzhang | B63: =D63/M$1*2000 -> 0 | C63: =VLOOKUP(A63, hash!A$2:B$500, 2, 0) -> 68c1c3226d9fc0b28257c5f3 | D63: =SUM(E63:J63) -> 0 | E63: 0 | F63: 0 | G63: 0 | H63: 0 | I63: 0 | J63: 0
A64: 2029alee | B64: =D64/M$1*2000 -> 0 | C64: =VLOOKUP(A64, hash!A$2:B$500, 2, 0) -> 68c1c3336d9fc0b28257c5f4 | D64: =SUM(E64:J64) -> 0 | E64: 0 | F64: 0 | G64: 0 | H64: 0 | I64: 0 | J64: 0
A65: 2028yshafi | B65: =D65/M$1*2000 -> 0 | C65: =VLOOKUP(A65, hash!A$2:B$500, 2, 0) -> 68c1c3386d9fc0b28257c5f5 | D65: =SUM(E65:J65) -> 0
A66: 2029mkim1 | B66: =D66/M$1*2000 -> 0 | C66: =VLOOKUP(A66, hash!A$2:B$500, 2, 0) -> 68c1c3396d9fc0b28257c5f6 | D66: =SUM(E66:J66) -> 0 | E66: 0 | F66: 0 | G66: 0 | H66: 0 | I66: 0 | J66: 0
A67: 2029wyu | B67: =D67/M$1*2000 -> 0 | C67: =VLOOKUP(A67, hash!A$2:B$500, 2, 0) -> 68c1c48aa70b0954910985c2 | D67: =SUM(E67:J67) -> 0
A68: 2029lyin | B68: =D68/M$1*2000 -> 0 | C68: =VLOOKUP(A68, hash!A$2:B$500, 2, 0) -> 68c1c48c8d697869a6c944d3 | D68: =SUM(E68:J68) -> 0
A69: 2029nmaloney | B69: =D69/M$1*2000 -> 0 | C69: =VLOOKUP(A69, hash!A$2:B$500, 2, 0) -> 68c1ceeed4e889598e7f612e | D69: =SUM(E69:J69) -> 0
A70: 2028dmotahar | B70: =D70/M$1*2000 -> 0 | C70: =VLOOKUP(A70, hash!A$2:B$500, 2, 0) -> 68c1cf4ad4e889598e7f6131 | D70: =SUM(E70:J70) -> 0
A71: 2029abose | B71: =D71/M$1*2000 -> 0 | C71: =VLOOKUP(A71, hash!A$2:B$500, 2, 0) -> 68c1cf5ed4e889598e7f6138 | D71: =SUM(E71:J71) -> 0 | E71: 0 | F71: 0 | G71: 0 | H71: 0 | I71: 0 | J71: 0
A72: 2029vbal | B72: =D72/M$1*2000 -> 0 | C72: =VLOOKUP(A72, hash!A$2:B$500, 2, 0) -> 68c1cfcf6c36cb3b60206bc4 | D72: =SUM(E72:J72) -> 0 | E72: 0 | F72: 0 | G72: 0 | H72: 0 | I72: 0 | J72: 0
A73: 2029yahn | B73: =D73/M$1*2000 -> 0 | C73: =VLOOKUP(A73, hash!A$2:B$500, 2, 0) -> 68c1cfdf6c36cb3b60206bc7 | D73: =SUM(E73:J73) -> 0 | E73: 0 | F73: 0 | G73: 0 | H73: 0 | I73: 0 | J73: 0
A74: 2029vkhambha | B74: =D74/M$1*2000 -> 0 | C74: =VLOOKUP(A74, hash!A$2:B$500, 2, 0) -> 68c1cfeb6c36cb3b60206bc9 | D74: =SUM(E74:J74) -> 0 | E74: 0 | F74: 0 | G74: 0 | H74: 0 | I74: 0 | J74: 0
A75: 2029achennad | B75: =D75/M$1*2000 -> 0 | C75: =VLOOKUP(A75, hash!A$2:B$500, 2, 0) -> 68c1d003f29fd291859a49b7 | D75: =SUM(E75:J75) -> 0 | E75: 0 | F75: 0 | G75: 0 | H75: 0 | I75: 0 | J75: 0
A76: 2029vchu | B76: =D76/M$1*2000 -> 0 | C76: =VLOOKUP(A76, hash!A$2:B$500, 2, 0) -> 68c1d0119147fa44206d10b7 | D76: =SUM(E76:J76) -> 0 | E76: 0 | F76: 0 | G76: 0 | H76: 0 | I76: 0 | J76: 0
A77: 2028jliu1 | B77: =D77/M$1*2000 -> 0 | C77: =VLOOKUP(A77, hash!A$2:B$500, 2, 0) -> 68c1d0229147fa44206d10ba | D77: =SUM(E77:J77) -> 0 | E77: 0 | F77: 0 | G77: 0 | H77: 0 | I77: 0 | J77: 0
A78: 2028cyoo | B78: =D78/M$1*2000 -> 0 | C78: =VLOOKUP(A78, hash!A$2:B$500, 2, 0) -> #N/A | D78: =SUM(E78:J78) -> 0 | E78: 0 | F78: 0 | G78: 0 | H78: 0 | I78: 0 | J78: 0
A79: 2029eschellh | B79: =D79/M$1*2000 -> 0 | C79: =VLOOKUP(A79, hash!A$2:B$500, 2, 0) -> #N/A | D79: =SUM(E79:J79) -> 0
A80: 2029rnagaban | B80: =D80/M$1*2000 -> 0 | C80: =VLOOKUP(A80, hash!A$2:B$500, 2, 0) -> #N/A | D80: =SUM(E80:J80) -> 0 | E80: 0 | F80: 0 | G80: 0 | H80: 0 | I80: 0 | J80: 0
A81: 2027etran | B81: =D81/M$1*2000 -> 0 | C81: =VLOOKUP(A81, hash!A$2:B$500, 2, 0) -> #N/A | D81: =SUM(E81:J81) -> 0 | E81: 0 | F81: 0 | G81: 0 | H81: 0 | I81: 0 | J81: 0
A82: 2029amahapat | B82: =D82/M$1*2000 -> 0 | C82: =VLOOKUP(A82, hash!A$2:B$500, 2, 0) -> #N/A | D82: =SUM(E82:J82) -> 0 | E82: 0 | F82: 0 | G82: 0 | H82: 0 | I82: 0 | J82: 0
A83: 2029exu | B83: =D83/M$1*2000 -> 0 | C83: =VLOOKUP(A83, hash!A$2:B$500, 2, 0) -> #N/A | D83: =SUM(E83:J83) -> 0
A84: 2029tdondapa | B84: =D84/M$1*2000 -> 0 | C84: =VLOOKUP(A84, hash!A$2:B$500, 2, 0) -> #N/A | D84: =SUM(E84:J84) -> 0 | E84: 0 | F84: 0 | G84: 0 | H84: 0 | I84: 0 | J84: 0
A85: 2029bchu | B85: =D85/M$1*2000 -> 0 | C85: =VLOOKUP(A85, hash!A$2:B$500, 2, 0) -> #N/A | D85: =SUM(E85:J85) -> 0
A86: 2028jliu | B86: =D86/M$1*2000 -> 0 | C86: =VLOOKUP(A86, hash!A$2:B$500, 2, 0) -> #N/A | D86: =SUM(E86:J86) -> 0
A87: 2029kgriggs | B87: =D87/M$1*2000 -> 0 | C87: =VLOOKUP(A87, hash!A$2:B$500, 2, 0) -> 68c1c30a6d9fc0b28257c5ef | D87: =SUM(E87:J87) -> 0 | E87: 0 | F87: 0 | G87: 0 | H87: 0 | I87: 0 | J87: 0
A88: 2029aacharya | B88: =D88/M$1*2000 -> 0 | C88: =VLOOKUP(A88, hash!A$2:B$500, 2, 0) -> 68ad13846a530bc7872559c3 | D88: =SUM(E88:J88) -> 0 | E88: 0 | F88: 0 | G88: 0 | H88: 0 | I88: 0 | J88: 0
A89: 2029aliu | B89: =D89/M$1*2000 -> 0 | C89: =VLOOKUP(A89, hash!A$2:B$500, 2, 0) -> 68c1ce28f8ef417ee79a4d6d | D89: =SUM(E89:J89) -> 0 | E89: 0 | F89: 0 | G89: 0 | H89: 0 | I89: 0 | J89: 0
B90: =D90/M$1*2000 -> 0 | C90: =VLOOKUP(A90, hash!A$2:B$500, 2, 0) -> #N/A | D90: =SUM(E90:J90) -> 0
B91: =D91/M$1*2000 -> 0 | C91: =VLOOKUP(A91, hash!A$2:B$500, 2, 0) -> #N/A | D91: =SUM(E91:J91) -> 0
B92: =D92/M$1*2000 -> 0 | C92: =VLOOKUP(A92, hash!A$2:B$500, 2, 0) -> #N/A | D92: =SUM(E92:J92) -> 0
B93: =D93/M$1*2000 -> 0 | C93: =VLOOKUP(A93, hash!A$2:B$500, 2, 0) -> #N/A | D93: =SUM(E93:J93) -> 0
B94: =D94/M$1*2000 -> 0 | C94: =VLOOKUP(A94, hash!A$2:B$500, 2, 0) -> #N/A | D94: =SUM(E94:J94) -> 0
B95: =D95/M$1*2000 -> 0 | C95: =VLOOKUP(A95, hash!A$2:B$500, 2, 0) -> #N/A | D95: =SUM(E95:J95) -> 0
B96: =D96/M$1*2000 -> 0 | C96: =VLOOKUP(A96, hash!A$2:B$500, 2, 0) -> #N/A | D96: =SUM(E96:J96) -> 0
B97: =D97/M$1*2000 -> 0 | C97: =VLOOKUP(A97, hash!A$2:B$500, 2, 0) -> #N/A | D97: =SUM(E97:J97) -> 0
B98: =D98/M$1*2000 -> 0 | C98: =VLOOKUP(A98, hash!A$2:B$500, 2, 0) -> #N/A | D98: =SUM(E98:J98) -> 0
B99: =D99/M$1*2000 -> 0 | C99: =VLOOKUP(A99, hash!A$2:B$500, 2, 0) -> #N/A | D99: =SUM(E99:J99) -> 0
B100: =D100/M$1*2000 -> 0 | C100: =VLOOKUP(A100, hash!A$2:B$500, 2, 0) -> #N/A | D100: =SUM(E100:J100) -> 0
B101: =D101/M$1*2000 -> 0 | C101: =VLOOKUP(A101, hash!A$2:B$500, 2, 0) -> #N/A | D101: =SUM(E101:J101) -> 0
B102: =D102/M$1*2000 -> 0 | C102: =VLOOKUP(A102, hash!A$2:B$500, 2, 0) -> #N/A | D102: =SUM(E102:J102) -> 0

Sheet Duke 4
A1: Ion ID | B1: Index | C1: userId | D1: Total | E1: P1 | F1: P2 | G1: P3 | H1: P4 | I1: P5 | J1: P6 | L1: Top 12 Average | M1: {=sum(large(D3:D870,column(indirect("$A$1:" &ADDRESS( 1, 12)))))/12} -> 2.0833333
E2: =SUM(E3:E102) -> 7 | F2: =SUM(F3:F102) -> 32 | G2: =SUM(G3:G102) -> 0 | H2: =SUM(H3:H102) -> 6 | I2: =SUM(I3:I102) -> 3 | J2: =SUM(J3:J102) -> 5
A3: 2026rwang | B3: =D3/M$1*2000 -> 3840 | C3: =VLOOKUP(A3, hash!A$2:B$550, 2, 0) -> 6322202c0aa8ba2dbc57c0a6 | D3: =SUM(E3:J3) -> 4 | E3: 0 | F3: 1 | G3: 0 | H3: 1 | I3: 1 | J3: 1
A4: 2026mzhao | B4: =D4/M$1*2000 -> 3840 | C4: =VLOOKUP(A4, hash!A$2:B$550, 2, 0) -> 632220270aa8ba2dbc57c0a4 | D4: =SUM(E4:J4) -> 4 | E4: 1 | F4: 1 | G4: 0 | H4: 1 | I4: 0 | J4: 1
A5: 2028szhang | B5: =D5/M$1*2000 -> 2880 | C5: =VLOOKUP(A5, hash!A$2:B$550, 2, 0) -> 66e1e10f7a8e6dc2aed3a63c | D5: =SUM(E5:J5) -> 3 | E5: 1 | F5: 1 | G5: 0 | H5: 0 | I5: 1 | J5: 0
A6: 2027pdu | B6: =D6/M$1*2000 -> 1920 | C6: =VLOOKUP(A6, hash!A$2:B$550, 2, 0) -> 6502005e1d8cbbbd315ad52c | D6: =SUM(E6:J6) -> 2 | E6: 0 | F6: 0 | G6: 0 | H6: 0 | I6: 1 | J6: 1
A7: 2028syan | B7: =D7/M$1*2000 -> 1920 | C7: =VLOOKUP(A7, hash!A$2:B$550, 2, 0) -> 66e1e1237a8e6dc2aed3a642 | D7: =SUM(E7:J7) -> 2 | E7: 0 | F7: 1 | G7: 0 | H7: 1 | I7: 0 | J7: 0
A8: 2027achu | B8: =D8/M$1*2000 -> 1920 | C8: =VLOOKUP(A8, hash!A$2:B$550, 2, 0) -> 65020bfe097ac3c9d063264f | D8: =SUM(E8:J8) -> 2 | E8: 1 | F8: 0 | G8: 0 | H8: 0 | I8: 0 | J8: 1
A9: 2027smahmud | B9: =D9/M$1*2000 -> 1920 | C9: =VLOOKUP(A9, hash!A$2:B$550, 2, 0) -> 651dadf4a69631c34bde617f | D9: =SUM(E9:J9) -> 2 | E9: 1 | F9: 1 | G9: 0 | H9: 0 | I9: 0 | J9: 0
A10: 2028mlin | B10: =D10/M$1*2000 -> 1920 | C10: =VLOOKUP(A10, hash!A$2:B$550, 2, 0) -> 66e1e1267a8e6dc2aed3a644 | D10: =SUM(E10:J10) -> 2 | E10: 0 | F10: 1 | G10: 0 | H10: 1 | I10: 0 | J10: 0
A11: 2027vcao | B11: =D11/M$1*2000 -> 960 | C11: =VLOOKUP(A11, hash!A$2:B$550, 2, 0) -> 65020bfc097ac3c9d063264d | D11: =SUM(E11:J11) -> 1 | E11: 0 | F11: 1 | G11: 0 | H11: 0 | I11: 0 | J11: 0
A12: 2026owu | B12: =D12/M$1*2000 -> 960 | C12: =VLOOKUP(A12, hash!A$2:B$550, 2, 0) -> 6322236ef382c17890e6a3e1 | D12: =SUM(E12:J12) -> 1 | E12: 0 | F12: 0 | G12: 0 | H12: 0 | I12: 0 | J12: 1
A13: 2026cmorimot | B13: =D13/M$1*2000 -> 960 | C13: =VLOOKUP(A13, hash!A$2:B$550, 2, 0) -> 63222c2fed58d92b843f7cbf | D13: =SUM(E13:J13) -> 1 | E13: 0 | F13: 1 | G13: 0 | H13: 0 | I13: 0 | J13: 0
A14: 2026rsingh2 | B14: =D14/M$1*2000 -> 960 | C14: =VLOOKUP(A14, hash!A$2:B$550, 2, 0) -> 63222da0116f680d68804fa7 | D14: =SUM(E14:J14) -> 1 | E14: 0 | F14: 1 | G14: 0 | H14: 0 | I14: 0 | J14: 0
... A56: 2028ktabakov | B56: =D56/M$1*2000 -> 0 | C56: =VLOOKUP(A56, hash!A$2:B$550, 2, 0) -> 672a75c30d4b802ed589275d | D56: =SUM(E56:J56) -> 0 | E56: 0 | F56: 0 | G56: 0 | H56: 0 | I56: 0 | J56: 0
A57: 2029kshen | B57: =D57/M$1*2000 -> 0 | C57: =VLOOKUP(A57, hash!A$2:B$550, 2, 0) -> 68a8f8ba8829a7be88667a86 | D57: =SUM(E57:J57) -> 0
A58: 2028gkanakad | B58: =D58/M$1*2000 -> 0 | C58: =VLOOKUP(A58, hash!A$2:B$550, 2, 0) -> 68ae776645784f0c9b674d14 | D58: =SUM(E58:J58) -> 0
A59: 2028bkong | B59: =D59/M$1*2000 -> 0 | C59: =VLOOKUP(A59, hash!A$2:B$550, 2, 0) -> 68af5fb7a3c82a4914c27eae | D59: =SUM(E59:J59) -> 0 | E59: 0 | F59: 0 | G59: 0 | H59: 0 | I59: 0 | J59: 0
A60: 2029rkallama | B60: =D60/M$1*2000 -> 0 | C60: =VLOOKUP(A60, hash!A$2:B$550, 2, 0) -> 68b201d43ba156dcc33e83fd | D60: =SUM(E60:J60) -> 0 | E60: 0 | F60: 0 | G60: 0 | H60: 0 | I60: 0 | J60: 0
A61: 2028hneiberl | B61: =D61/M$1*2000 -> 0 | C61: =VLOOKUP(A61, hash!A$2:B$550, 2, 0) -> 68c1c2d66d9fc0b28257c5ec | D61: =SUM(E61:J61) -> 0
A62: 2028pmotahar | B62: =D62/M$1*2000 -> 0 | C62: =VLOOKUP(A62, hash!A$2:B$550, 2, 0) -> 68c1c2fb9900186967b69332 | D62: =SUM(E62:J62) -> 0
A63: 2029snandaku | B63: =D63/M$1*2000 -> 0 | C63: =VLOOKUP(A63, hash!A$2:B$550, 2, 0) -> 68c1c30f6d9fc0b28257c5f0 | D63: =SUM(E63:J63) -> 0 | E63: 0 | F63: 0 | G63: 0 | H63: 0 | I63: 0 | J63: 0
A64: 2029wzhang | B64: =D64/M$1*2000 -> 0 | C64: =VLOOKUP(A64, hash!A$2:B$550, 2, 0) -> 68c1c3226d9fc0b28257c5f3 | D64: =SUM(E64:J64) -> 0 | E64: 0 | F64: 0 | G64: 0 | H64: 0 | I64: 0 | J64: 0
A65: 2029alee | B65: =D65/M$1*2000 -> 0 | C65: =VLOOKUP(A65, hash!A$2:B$550, 2, 0) -> 68c1c3336d9fc0b28257c5f4 | D65: =SUM(E65:J65) -> 0 | E65: 0 | F65: 0 | G65: 0 | H65: 0 | I65: 0 | J65: 0
A66: 2028yshafi | B66: =D66/M$1*2000 -> 0 | C66: =VLOOKUP(A66, hash!A$2:B$550, 2, 0) -> 68c1c3386d9fc0b28257c5f5 | D66: =SUM(E66:J66) -> 0
A67: 2029lkim | B67: =D67/M$1*2000 -> 0 | C67: =VLOOKUP(A67, hash!A$2:B$550, 2, 0) -> 68c1c42919cae884bc3ecddf | D67: =SUM(E67:J67) -> 0 | E67: 0 | F67: 0 | G67: 0 | H67: 0 | I67: 0 | J67: 0
A68: 2029wyu | B68: =D68/M$1*2000 -> 0 | C68: =VLOOKUP(A68, hash!A$2:B$550, 2, 0) -> 68c1c48aa70b0954910985c2 | D68: =SUM(E68:J68) -> 0
A69: 2029lyin | B69: =D69/M$1*2000 -> 0 | C69: =VLOOKUP(A69, hash!A$2:B$550, 2, 0) -> 68c1c48c8d697869a6c944d3 | D69: =SUM(E69:J69) -> 0
A70: 2029nmaloney | B70: =D70/M$1*2000 -> 0 | C70: =VLOOKUP(A70, hash!A$2:B$550, 2, 0) -> 68c1ceeed4e889598e7f612e | D70: =SUM(E70:J70) -> 0
A71: 2028dmotahar | B71: =D71/M$1*2000 -> 0 | C71: =VLOOKUP(A71, hash!A$2:B$550, 2, 0) -> 68c1cf4ad4e889598e7f6131 | D71: =SUM(E71:J71) -> 0
A72: 2029abose | B72: =D72/M$1*2000 -> 0 | C72: =VLOOKUP(A72, hash!A$2:B$550, 2, 0) -> 68c1cf5ed4e889598e7f6138 | D72: =SUM(E72:J72) -> 0 | E72: 0 | F72: 0 | G72: 0 | H72: 0 | I72: 0 | J72: 0
A73: 2029vbal | B73: =D73/M$1*2000 -> 0 | C73: =VLOOKUP(A73, hash!A$2:B$550, 2, 0) -> 68c1cfcf6c36cb3b60206bc4 | D73: =SUM(E73:J73) -> 0 | E73: 0 | F73: 0 | G73: 0 | H73: 0 | I73: 0 | J73: 0
A74: 2029vkhambha | B74: =D74/M$1*2000 -> 0 | C74: =VLOOKUP(A74, hash!A$2:B$550, 2, 0) -> 68c1cfeb6c36cb3b60206bc9 | D74: =SUM(E74:J74) -> 0 | E74: 0 | F74: 0 | G74: 0 | H74: 0 | I74: 0 | J74: 0
A75: 2029vchu | B75: =D75/M$1*2000 -> 0 | C75: =VLOOKUP(A75, hash!A$2:B$550, 2, 0) -> 68c1d0119147fa44206d10b7 | D75: =SUM(E75:J75) -> 0 | E75: 0 | F75: 0 | G75: 0 | H75: 0 | I75: 0 | J75: 0
A76: 2029bwang | B76: =D76/M$1*2000 -> 0 | C76: =VLOOKUP(A76, hash!A$2:B$550, 2, 0) -> 68c1d018f29fd291859a49b9 | D76: =SUM(E76:J76) -> 0 | E76: 0 | F76: 0 | G76: 0 | H76: 0 | I76: 0 | J76: 0
A77: 2028jliu1 | B77: =D77/M$1*2000 -> 0 | C77: =VLOOKUP(A77, hash!A$2:B$550, 2, 0) -> 68c1d0229147fa44206d10ba | D77: =SUM(E77:J77) -> 0 | E77: 0 | F77: 0 | G77: 0 | H77: 0 | I77: 0 | J77: 0
A78: 2028cyoo | B78: =D78/M$1*2000 -> 0 | C78: =VLOOKUP(A78, hash!A$2:B$550, 2, 0) -> 68c1d03ff29fd291859a49c2 | D78: =SUM(E78:J78) -> 0 | E78: 0 | F78: 0 | G78: 0 | H78: 0 | I78: 0 | J78: 0
A79: 2029eschellh | B79: =D79/M$1*2000 -> 0 | C79: =VLOOKUP(A79, hash!A$2:B$550, 2, 0) -> 68c1d04b9147fa44206d10c4 | D79: =SUM(E79:J79) -> 0
A80: 2029rnagaban | B80: =D80/M$1*2000 -> 0 | C80: =VLOOKUP(A80, hash!A$2:B$550, 2, 0) -> 68c1d0669147fa44206d10ca | D80: =SUM(E80:J80) -> 0 | E80: 0 | F80: 0 | G80: 0 | H80: 0 | I80: 0 | J80: 0
A81: 2027etran | B81: =D81/M$1*2000 -> 0 | C81: =VLOOKUP(A81, hash!A$2:B$550, 2, 0) -> 68c1d077fd19a63c5d2c0ded | D81: =SUM(E81:J81) -> 0 | E81: 0 | F81: 0 | G81: 0 | H81: 0 | I81: 0 | J81: 0
A82: 2029lzhao | B82: =D82/M$1*2000 -> 0 | C82: =VLOOKUP(A82, hash!A$2:B$550, 2, 0) -> 68c1d07a9147fa44206d10d0 | D82: =SUM(E82:J82) -> 0 | E82: 0 | F82: 0 | G82: 0 | H82: 0 | I82: 0 | J82: 0
A83: 2029exu | B83: =D83/M$1*2000 -> 0 | C83: =VLOOKUP(A83, hash!A$2:B$550, 2, 0) -> 68cafd3923cbd9382f9526f2 | D83: =SUM(E83:J83) -> 0
A84: 2029tdondapa | B84: =D84/M$1*2000 -> 0 | C84: =VLOOKUP(A84, hash!A$2:B$550, 2, 0) -> 68cb08764435a0189eb9113e | D84: =SUM(E84:J84) -> 0 | E84: 0 | F84: 0 | G84: 0 | H84: 0 | I84: 0 | J84: 0
A85: 2029bchu | B85: =D85/M$1*2000 -> 0 | C85: =VLOOKUP(A85, hash!A$2:B$550, 2, 0) -> 68cc9c2aaa4d4aca25ce4004 | D85: =SUM(E85:J85) -> 0
A86: 2028jliu | B86: =D86/M$1*2000 -> 0 | C86: =VLOOKUP(A86, hash!A$2:B$550, 2, 0) -> #N/A | D86: =SUM(E86:J86) -> 0
A87: 2029kgriggs | B87: =D87/M$1*2000 -> 0 | C87: =VLOOKUP(A87, hash!A$2:B$550, 2, 0) -> 68c1c30a6d9fc0b28257c5ef | D87: =SUM(E87:J87) -> 0 | E87: 0 | F87: 0 | G87: 0 | H87: 0 | I87: 0 | J87: 0
A88: 2029aliu | B88: =D88/M$1*2000 -> 0 | C88: =VLOOKUP(A88, hash!A$2:B$550, 2, 0) -> 68c1ce28f8ef417ee79a4d6d | D88: =SUM(E88:J88) -> 0 | E88: 0 | F88: 0 | G88: 0 | H88: 0 | I88: 0 | J88: 0
A89: 2029aacharya | B89: =D89/M$1*2000 -> 0 | C89: =VLOOKUP(A89, hash!A$2:B$550, 2, 0) -> 68ad13846a530bc7872559c3 | D89: =SUM(E89:J89) -> 0 | E89: 0 | F89: 0 | G89: 0 | H89: 0 | I89: 0 | J89: 0
B90: =D90/M$1*2000 -> 0 | C90: =VLOOKUP(A90, hash!A$2:B$500, 2, 0) -> #N/A | D90: =SUM(E90:J90) -> 0
B91: =D91/M$1*2000 -> 0 | C91: =VLOOKUP(A91, hash!A$2:B$500, 2, 0) -> #N/A | D91: =SUM(E91:J91) -> 0
B92: =D92/M$1*2000 -> 0 | C92: =VLOOKUP(A92, hash!A$2:B$500, 2, 0) -> #N/A | D92: =SUM(E92:J92) -> 0
B93: =D93/M$1*2000 -> 0 | C93: =VLOOKUP(A93, hash!A$2:B$500, 2, 0) -> #N/A | D93: =SUM(E93:J93) -> 0
B94: =D94/M$1*2000 -> 0 | C94: =VLOOKUP(A94, hash!A$2:B$500, 2, 0) -> #N/A | D94: =SUM(E94:J94) -> 0
B95: =D95/M$1*2000 -> 0 | C95: =VLOOKUP(A95, hash!A$2:B$500, 2, 0) -> #N/A | D95: =SUM(E95:J95) -> 0
B96: =D96/M$1*2000 -> 0 | C96: =VLOOKUP(A96, hash!A$2:B$500, 2, 0) -> #N/A | D96: =SUM(E96:J96) -> 0
B97: =D97/M$1*2000 -> 0 | C97: =VLOOKUP(A97, hash!A$2:B$500, 2, 0) -> #N/A | D97: =SUM(E97:J97) -> 0
B98: =D98/M$1*2000 -> 0 | C98: =VLOOKUP(A98, hash!A$2:B$500, 2, 0) -> #N/A | D98: =SUM(E98:J98) -> 0
B99: =D99/M$1*2000 -> 0 | C99: =VLOOKUP(A99, hash!A$2:B$500, 2, 0) -> #N/A | D99: =SUM(E99:J99) -> 0
B100: =D100/M$1*2000 -> 0 | C100: =VLOOKUP(A100, hash!A$2:B$500, 2, 0) -> #N/A | D100: =SUM(E100:J100) -> 0
B101: =D101/M$1*2000 -> 0 | C101: =VLOOKUP(A101, hash!A$2:B$500, 2, 0) -> #N/A | D101: =SUM(E101:J101) -> 0
B102: =D102/M$1*2000 -> 0 | C102: =VLOOKUP(A102, hash!A$2:B$500, 2, 0) -> #N/A | D102: =SUM(E102:J102) -> 0

Sheet Proof
A1: Ion ID | B1: Index | C1: userId | D1: Total | E1: P1 | F1: P2 | G1: P3 | H1: P4 | I1: P5 | J1: P6 | L1: Top 12 Average | M1: {=sum(large(D3:D557,column(indirect("$A$1:" &ADDRESS( 1, 12)))))/12} -> 13.75
A2: SUMS | B2: =COUNT(B3:B92)-COUNTIF(B3:B92,"=0") -> 31 | D2: =SUM(E2:J2) -> 228 | E2: =SUM(E3:E200) -> 131 | F2: =SUM(F3:F200) -> 74 | G2: =SUM(G3:G200) -> 10 | H2: =SUM(H3:H200) -> 9 | I2: =SUM(I3:I200) -> 2 | J2: =SUM(J3:J200) -> 2 | M2: Try not to look at the score someone else entered before grading it yourself
A3: 2026rwang | B3: 4341 | C3: =VLOOKUP(A3, hash!A$2:B$550, 2, 0) -> 6322202c0aa8ba2dbc57c0a6 | D3: =SUM(E3:J3) -> 0
A4: 2028syan | B4: =D4/M$1*2000 -> 2472.7273 | C4: =VLOOKUP(A4, hash!A$2:B$550, 2, 0) -> 66e1e1237a8e6dc2aed3a642 | D4: =SUM(E4:J4) -> 17 | E4: 7 | F4: 7 | G4: 3 | H4: 0 | I4: 0 | J4: 0
A5: 2026rwang | B5: =D5/M$1*2000 -> 0 | C5: =VLOOKUP(A5, hash!A$2:B$550, 2, 0) -> 6322202c0aa8ba2dbc57c0a6 | D5: =SUM(E5:J5) -> 0
A6: 2027pdu | B6: =D6/M$1*2000 -> 1309.0909 | C6: =VLOOKUP(A6, hash!A$2:B$550, 2, 0) -> 6502005e1d8cbbbd315ad52c | D6: =SUM(E6:J6) -> 9 | E6: 7 | F6: 1 | J6: 1 | M6: One Person Graded
A7: 2027esombhat | B7: =D7/M$1*2000 -> 1890.9091 | C7: =VLOOKUP(A7, hash!A$2:B$550, 2, 0) -> 65020037540ba7cc68909a9b | D7: =SUM(E7:J7) -> 13 | E7: 7 | F7: 6 | G7: 0 | H7: 0 | M7: Add a note, with your name.
A8: 2026jma | B8: =D8/M$1*2000 -> 2036.3636 | C8: =VLOOKUP(A8, hash!A$2:B$550, 2, 0) -> 65020be78f2b101294bb3da8 | D8: =SUM(E8:J8) -> 14 | E8: 7 | F8: 7 | J8: 0 | M8: Two People graded
A9: 2027vcao | B9: =D9/M$1*2000 -> 0 | C9: =VLOOKUP(A9, hash!A$2:B$550, 2, 0) -> 65020bfc097ac3c9d063264d | D9: =SUM(E9:J9) -> 0 | F9: 0 | J9: 0 | M9: Change the note, and append your name
A10: 2026mzhao | B10: =D10/M$1*2000 -> 0 | C10: =VLOOKUP(A10, hash!A$2:B$550, 2, 0) -> 632220270aa8ba2dbc57c0a4 | D10: =SUM(E10:J10) -> 0 | M10: Three People Graded
A11: 2027ahao | B11: =D11/M$1*2000 -> 1745.4545 | C11: =VLOOKUP(A11, hash!A$2:B$550, 2, 0) -> 6502003d1d8cbbbd315ad525 | D11: =SUM(E11:J11) -> 12 | E11: 6 | F11: 6 | H11: 0 | M11: Change the note, and append your name
A12: 2027itennyso | B12: =D12/M$1*2000 -> 1454.5455 | C12: =VLOOKUP(A12, hash!A$2:B$550, 2, 0) -> 6502007357ae167867eac223 | D12: =SUM(E12:J12) -> 10 | E12: 7 | F12: 1 | G12: 0 | H12: 2 | I12: 0
A13: 2027eshan | B13: =D13/M$1*2000 -> 1745.4545 | C13: =VLOOKUP(A13, hash!A$2:B$550, 2, 0) -> 66e1e1659bdd593ffcd624e6 | D13: =SUM(E13:J13) -> 12 | E13: 7 | F13: 5 | M13: HELPPP
A14: 2029sbi | B14: =D14/M$1*2000 -> 0 | C14: =VLOOKUP(A14, hash!A$2:B$550, 2, 0) -> 68c1d00f9147fa44206d10b5 | D14: =SUM(E14:J14) -> 0 | E14: 0 | F14: 0 | M14: Add a note, with your name and issue.
A15: 2027eguo | B15: =D15/M$1*2000 -> 1890.9091 | C15: =VLOOKUP(A15, hash!A$2:B$550, 2, 0) -> 66e1e1277a8e6dc2aed3a645 | D15: =SUM(E15:J15) -> 13 | E15: 7 | F15: 6 | G15: 0 | M15: No Submission
A16: 2026owu | B16: =D16/M$1*2000 -> 1018.1818 | C16: =VLOOKUP(A16, hash!A$2:B$550, 2, 0) -> 6322236ef382c17890e6a3e1 | D16: =SUM(E16:J16) -> 7 | E16: 7 | F16: 0 | H16: 0 | I16: 0 | M16: Put a 0 in the box
A17: 2026abaradhi | B17: =D17/M$1*2000 -> 0 | C17: =VLOOKUP(A17, hash!A$2:B$550, 2, 0) -> 64515f804c53122bd367c958 | D17: =SUM(E17:J17) -> 0 | F17: 0 | L17: White or gray | M17: Not graded yet
A18: 2027sbisht | B18: =D18/M$1*2000 -> 0 | C18: =VLOOKUP(A18, hash!A$2:B$550, 2, 0) -> 65020bed03dd812a55d3a207 | D18: =SUM(E18:J18) -> 0 | F18: 0 | G18: 0 | J18: 0
A19: 2027achu | B19: =D19/M$1*2000 -> 1163.6364 | C19: =VLOOKUP(A19, hash!A$2:B$550, 2, 0) -> 65020bfe097ac3c9d063264f | D19: =SUM(E19:J19) -> 8 | E19: 7 | F19: 1 | H19: 0
A20: 2027spark | B20: =D20/M$1*2000 -> 0 | C20: =VLOOKUP(A20, hash!A$2:B$550, 2, 0) -> 65020c0f8f2b101294bb3dae | D20: =SUM(E20:J20) -> 0 | E20: 0 | F20: 0
A21: 2027nliang | B21: =D21/M$1*2000 -> 0 | C21: =VLOOKUP(A21, hash!A$2:B$550, 2, 0) -> 6594377be0f4f63927a8ce26 | D21: =SUM(E21:J21) -> 0 | F21: 0 | G21: 0 | H21: 0
A22: 2028szhang | B22: =D22/M$1*2000 -> 1018.1818 | C22: =VLOOKUP(A22, hash!A$2:B$550, 2, 0) -> 66e1e10f7a8e6dc2aed3a63c | D22: =SUM(E22:J22) -> 7 | E22: 6 | F22: 1
A23: 2028yli | B23: =D23/M$1*2000 -> 1163.6364 | C23: =VLOOKUP(A23, hash!A$2:B$550, 2, 0) -> 66e1e126f0db8f5922c91d85 | D23: =SUM(E23:J23) -> 8 | E23: 7 | F23: 1
A24: 2028athota | B24: =D24/M$1*2000 -> 145.45455 | C24: =VLOOKUP(A24, hash!A$2:B$550, 2, 0) -> 66e1e12ef0db8f5922c91d8b | D24: =SUM(E24:J24) -> 1 | E24: 0 | F24: 1
A25: 2028asu | B25: =D25/M$1*2000 -> 0 | C25: =VLOOKUP(A25, hash!A$2:B$550, 2, 0) -> 66e1e13168fa766abf5d11d8 | D25: =SUM(E25:J25) -> 0 | E25: 0 | F25: 0 | G25: 0
A26: 2027mbu | B26: =D26/M$1*2000 -> 0 | C26: =VLOOKUP(A26, hash!A$2:B$550, 2, 0) -> 66e1e13fdb315cbd40043fca | D26: =SUM(E26:J26) -> 0
A27: 2027eqiu | B27: =D27/M$1*2000 -> 0 | C27: =VLOOKUP(A27, hash!A$2:B$550, 2, 0) -> 66e1e295c67d6a88d4309dde | D27: =SUM(E27:J27) -> 0 | F27: 0 | J27: 0
A28: 2027achakrav | B28: =D28/M$1*2000 -> 1163.6364 | C28: =VLOOKUP(A28, hash!A$2:B$550, 2, 0) -> 66e21e0e9dc93e7d858c34ab | D28: =SUM(E28:J28) -> 8 | E28: 7 | F28: 1
A29: 2029wzhang | B29: =D29/M$1*2000 -> 0 | C29: =VLOOKUP(A29, hash!A$2:B$550, 2, 0) -> 68c1c3226d9fc0b28257c5f3 | D29: =SUM(E29:J29) -> 0
A30: 2029alee | B30: =D30/M$1*2000 -> 0 | C30: =VLOOKUP(A30, hash!A$2:B$550, 2, 0) -> 68c1c3336d9fc0b28257c5f4 | D30: =SUM(E30:J30) -> 0 | E30: 0 | F30: 0 | G30: 0 | H30: 0 | I30: 0 | J30: 0
A31: 2029gxie | B31: =D31/M$1*2000 -> 145.45455 | C31: =VLOOKUP(A31, hash!A$2:B$550, 2, 0) -> 68c1c33d6d9fc0b28257c5f7 | D31: =SUM(E31:J31) -> 1 | F31: 1
A32: 2029adu | B32: =D32/M$1*2000 -> 145.45455 | C32: =VLOOKUP(A32, hash!A$2:B$550, 2, 0) -> 68c1c4ad8d697869a6c944d9 | D32: =SUM(E32:J32) -> 1 | E32: 0 | F32: 1 | G32: 0 | H32: 0 | I32: 0 | J32: 0
A33: 2029nmaloney | B33: =D33/M$1*2000 -> 0 | C33: =VLOOKUP(A33, hash!A$2:B$550, 2, 0) -> 68c1ceeed4e889598e7f612e | D33: =SUM(E33:J33) -> 0
A34: 2027etran | B34: =D34/M$1*2000 -> 0 | C34: =VLOOKUP(A34, hash!A$2:B$550, 2, 0) -> 68c1d077fd19a63c5d2c0ded | D34: =SUM(E34:J34) -> 0 | E34: 0 | F34: 0 | G34: 0 | H34: 0 | I34: 0 | J34: 0
A35: 2029wli | B35: =D35/M$1*2000 -> 1018.1818 | C35: =VLOOKUP(A35, hash!A$2:B$550, 2, 0) -> 68cafd04a0dcc7e1df4c54a0 | D35: =SUM(E35:J35) -> 7 | E35: 7 | F35: 0
A36: 2026cmorimot | B36: =D36/M$1*2000 -> 0 | C36: =VLOOKUP(A36, hash!A$2:B$550, 2, 0) -> 63222c2fed58d92b843f7cbf | D36: =SUM(E36:J36) -> 0 | E36: 0 | F36: 0 | G36: 0 | I36: 0 | J36: 0
A37: 2026rsingh2 | B37: =D37/M$1*2000 -> 290.90909 | C37: =VLOOKUP(A37, hash!A$2:B$550, 2, 0) -> 63222da0116f680d68804fa7 | D37: =SUM(E37:J37) -> 2 | E37: 0 | F37: 2 | G37: 0
A38: 2027ayan | B38: =D38/M$1*2000 -> 0 | C38: =VLOOKUP(A38, hash!A$2:B$550, 2, 0) -> 65020c05097ac3c9d0632651 | D38: =SUM(E38:J38) -> 0 | E38: 0 | F38: 0 | I38: 0
A39: 2027rguo | B39: =D39/M$1*2000 -> 0 | C39: =VLOOKUP(A39, hash!A$2:B$550, 2, 0) -> 65020d65097ac3c9d063266d | D39: =SUM(E39:J39) -> 0
A40: 2027smahmud | B40: =D40/M$1*2000 -> 0 | C40: =VLOOKUP(A40, hash!A$2:B$550, 2, 0) -> 651dadf4a69631c34bde617f | D40: =SUM(E40:J40) -> 0
A41: 2028dhe | B41: =D41/M$1*2000 -> 145.45455 | C41: =VLOOKUP(A41, hash!A$2:B$550, 2, 0) -> 66e1e102a61e89c7c68f6e2f | D41: =SUM(E41:J41) -> 1 | F41: 0 | J41: 1
A42: 2027pyoo | B42: =D42/M$1*2000 -> 2327.2727 | C42: =VLOOKUP(A42, hash!A$2:B$550, 2, 0) -> 66e1e105db315cbd40043fc1 | D42: =SUM(E42:J42) -> 16 | E42: 7 | F42: 7 | I42: 2
A43: 2028rzhao | B43: =D43/M$1*2000 -> 0 | C43: =VLOOKUP(A43, hash!A$2:B$550, 2, 0) -> 66e1e108a61e89c7c68f6e31 | D43: =SUM(E43:J43) -> 0 | F43: 0 | G43: 0 | H43: 0 | I43: 0 | J43: 0
A44: 2028bhan | B44: =D44/M$1*2000 -> 145.45455 | C44: =VLOOKUP(A44, hash!A$2:B$550, 2, 0) -> 66e1e10cdb315cbd40043fc4 | D44: =SUM(E44:J44) -> 1 | E44: 0 | F44: 1 | G44: 0 | I44: 0 | J44: 0
A45: 2028cwang | B45: =D45/M$1*2000 -> 0 | C45: =VLOOKUP(A45, hash!A$2:B$550, 2, 0) -> 66e1e1227a8e6dc2aed3a641 | D45: =SUM(E45:J45) -> 0 | E45: 0 | F45: 0
A46: 2028dvladimi | B46: =D46/M$1*2000 -> 0 | C46: =VLOOKUP(A46, hash!A$2:B$550, 2, 0) -> 66e1e125f0db8f5922c91d84 | D46: =SUM(E46:J46) -> 0 | F46: 0
A47: 2028mlin | B47: =D47/M$1*2000 -> 0 | C47: =VLOOKUP(A47, hash!A$2:B$550, 2, 0) -> 66e1e1267a8e6dc2aed3a644 | D47: =SUM(E47:J47) -> 0 | F47: 0
A48: 2028asomired | B48: =D48/M$1*2000 -> 145.45455 | C48: =VLOOKUP(A48, hash!A$2:B$550, 2, 0) -> 66e1e12a45950d34f3139132 | D48: =SUM(E48:J48) -> 1 | F48: 1 | I48: 0
A49: 2028tdeng | B49: =D49/M$1*2000 -> 1018.1818 | C49: =VLOOKUP(A49, hash!A$2:B$550, 2, 0) -> 66e1e12cf0db8f5922c91d89 | D49: =SUM(E49:J49) -> 7 | E49: 6 | F49: 1 | I49: 0 | J49: 0
A50: 2028elin | B50: =D50/M$1*2000 -> 0 | C50: =VLOOKUP(A50, hash!A$2:B$550, 2, 0) -> 66e1ed8c1129889a3e2c24aa | D50: =SUM(E50:J50) -> 0
A51: 2028sari | B51: =D51/M$1*2000 -> 0 | C51: =VLOOKUP(A51, hash!A$2:B$550, 2, 0) -> 66e1ed8d1129889a3e2c24ab | D51: =SUM(E51:J51) -> 0 | F51: 0
A52: 2028agupta | B52: =D52/M$1*2000 -> 0 | C52: =VLOOKUP(A52, hash!A$2:B$550, 2, 0) -> 66e1edab07067318cc1e18d3 | D52: =SUM(E52:J52) -> 0 | E52: 0 | F52: 0 | G52: 0 | H52: 0 | I52: 0 | J52: 0
A53: 2028gkeeler | B53: =D53/M$1*2000 -> 0 | C53: =VLOOKUP(A53, hash!A$2:B$550, 2, 0) -> 66eb1b4237edf2b32f9fc2ec | D53: =SUM(E53:J53) -> 0 | E53: 0 | F53: 0
A54: 2027dkharito | B54: =D54/M$1*2000 -> 0 | C54: =VLOOKUP(A54, hash!A$2:B$550, 2, 0) -> 67194c61fd5423623b1a2f50 | D54: =SUM(E54:J54) -> 0 | F54: 0 | G54: 0 | J54: 0
A55: 2028ktabakov | B55: =D55/M$1*2000 -> 0 | C55: =VLOOKUP(A55, hash!A$2:B$550, 2, 0) -> 672a75c30d4b802ed589275d | D55: =SUM(E55:J55) -> 0 | E55: 0 | J55: 0
A56: 2029kshen | B56: =D56/M$1*2000 -> 0 | C56: =VLOOKUP(A56, hash!A$2:B$550, 2, 0) -> 68a8f8ba8829a7be88667a86 | D56: =SUM(E56:J56) -> 0
A57: 2028gkanakad | B57: =D57/M$1*2000 -> 0 | C57: =VLOOKUP(A57, hash!A$2:B$550, 2, 0) -> 68ae776645784f0c9b674d14 | D57: =SUM(E57:J57) -> 0
A58: 2028bkong | B58: =D58/M$1*2000 -> 0 | C58: =VLOOKUP(A58, hash!A$2:B$550, 2, 0) -> 68af5fb7a3c82a4914c27eae | D58: =SUM(E58:J58) -> 0 | F58: 0
A59: 2029rkallama | B59: =D59/M$1*2000 -> 0 | C59: =VLOOKUP(A59, hash!A$2:B$550, 2, 0) -> 68b201d43ba156dcc33e83fd | D59: =SUM(E59:J59) -> 0 | F59: 0 | G59: 0 | I59: 0 | J59: 0
A60: 2028hneiberl | B60: =D60/M$1*2000 -> 0 | C60: =VLOOKUP(A60, hash!A$2:B$550, 2, 0) -> 68c1c2d66d9fc0b28257c5ec | D60: =SUM(E60:J60) -> 0
A61: 2028pmotahar | B61: =D61/M$1*2000 -> 0 | C61: =VLOOKUP(A61, hash!A$2:B$550, 2, 0) -> 68c1c2fb9900186967b69332 | D61: =SUM(E61:J61) -> 0
A62: 2029gbatkhuu | B62: =D62/M$1*2000 -> 1018.1818 | C62: =VLOOKUP(A62, hash!A$2:B$550, 2, 0) -> 68c1c3056d9fc0b28257c5ed | D62: =SUM(E62:J62) -> 7 | E62: 7 | F62: 0
A63: 2029snandaku | B63: =D63/M$1*2000 -> 0 | C63: =VLOOKUP(A63, hash!A$2:B$550, 2, 0) -> 68c1c30f6d9fc0b28257c5f0 | D63: =SUM(E63:J63) -> 0 | F63: 0
A64: 2028yshafi | B64: =D64/M$1*2000 -> 0 | C64: =VLOOKUP(A64, hash!A$2:B$550, 2, 0) -> 68c1c3386d9fc0b28257c5f5 | D64: =SUM(E64:J64) -> 0
A65: 2029mkim1 | B65: =D65/M$1*2000 -> 145.45455 | C65: =VLOOKUP(A65, hash!A$2:B$550, 2, 0) -> 68c1c3396d9fc0b28257c5f6 | D65: =SUM(E65:J65) -> 1 | E65: 1
A66: 2029lkim | B66: =D66/M$1*2000 -> 0 | C66: =VLOOKUP(A66, hash!A$2:B$550, 2, 0) -> 68c1c42919cae884bc3ecddf | D66: =SUM(E66:J66) -> 0 | E66: 0
A67: 2029wyu | B67: =D67/M$1*2000 -> 0 | C67: =VLOOKUP(A67, hash!A$2:B$550, 2, 0) -> 68c1c48aa70b0954910985c2 | D67: =SUM(E67:J67) -> 0
A68: 2029lyin | B68: =D68/M$1*2000 -> 0 | C68: =VLOOKUP(A68, hash!A$2:B$550, 2, 0) -> 68c1c48c8d697869a6c944d3 | D68: =SUM(E68:J68) -> 0
A69: 2028dmotahar | B69: =D69/M$1*2000 -> 0 | C69: =VLOOKUP(A69, hash!A$2:B$550, 2, 0) -> 68c1cf4ad4e889598e7f6131 | D69: =SUM(E69:J69) -> 0
A70: 2029abose | B70: =D70/M$1*2000 -> 0 | C70: =VLOOKUP(A70, hash!A$2:B$550, 2, 0) -> 68c1cf5ed4e889598e7f6138 | D70: =SUM(E70:J70) -> 0
A71: 2029vbal | B71: =D71/M$1*2000 -> 0 | C71: =VLOOKUP(A71, hash!A$2:B$550, 2, 0) -> 68c1cfcf6c36cb3b60206bc4 | D71: =SUM(E71:J71) -> 0 | F71: 0 | H71: 0 | J71: 0
A72: 2029yahn | B72: =D72/M$1*2000 -> 0 | C72: =VLOOKUP(A72, hash!A$2:B$550, 2, 0) -> 68c1cfdf6c36cb3b60206bc7 | D72: =SUM(E72:J72) -> 0 | H72: 0 | J72: 0
A73: 2029vkhambha | B73: =D73/M$1*2000 -> 0 | C73: =VLOOKUP(A73, hash!A$2:B$550, 2, 0) -> 68c1cfeb6c36cb3b60206bc9 | D73: =SUM(E73:J73) -> 0
A74: 2029achennad | B74: =D74/M$1*2000 -> 145.45455 | C74: =VLOOKUP(A74, hash!A$2:B$550, 2, 0) -> 68c1d003f29fd291859a49b7 | D74: =SUM(E74:J74) -> 1 | E74: 0 | F74: 1 | G74: 0 | I74: 0 | J74: 0
A75: 2029vchu | B75: =D75/M$1*2000 -> 0 | C75: =VLOOKUP(A75, hash!A$2:B$550, 2, 0) -> 68c1d0119147fa44206d10b7 | D75: =SUM(E75:J75) -> 0
A76: 2029bwang | B76: =D76/M$1*2000 -> 145.45455 | C76: =VLOOKUP(A76, hash!A$2:B$550, 2, 0) -> 68c1d018f29fd291859a49b9 | D76: =SUM(E76:J76) -> 1 | F76: 1 | I76: 0
A77: 2028jliu1 | B77: =D77/M$1*2000 -> 0 | C77: =VLOOKUP(A77, hash!A$2:B$550, 2, 0) -> 68c1d0229147fa44206d10ba | D77: =SUM(E77:J77) -> 0 | F77: 0
A78: 2028cyoo | B78: =D78/M$1*2000 -> 0 | C78: =VLOOKUP(A78, hash!A$2:B$550, 2, 0) -> 68c1d03ff29fd291859a49c2 | D78: =SUM(E78:J78) -> 0
A79: 2029jdu | B79: =D79/M$1*2000 -> 0 | C79: =VLOOKUP(A79, hash!A$2:B$550, 2, 0) -> 68c1d041f29fd291859a49c6 | D79: =SUM(E79:J79) -> 0 | J79: 0
A80: 2029eschellh | B80: =D80/M$1*2000 -> 0 | C80: =VLOOKUP(A80, hash!A$2:B$550, 2, 0) -> 68c1d04b9147fa44206d10c4 | D80: =SUM(E80:J80) -> 0
A81: 2029rnagaban | B81: =D81/M$1*2000 -> 0 | C81: =VLOOKUP(A81, hash!A$2:B$550, 2, 0) -> 68c1d0669147fa44206d10ca | D81: =SUM(E81:J81) -> 0 | E81: 0 | F81: 0 | J81: 0
A82: 2029lzhao | B82: =D82/M$1*2000 -> 0 | C82: =VLOOKUP(A82, hash!A$2:B$550, 2, 0) -> 68c1d07a9147fa44206d10d0 | D82: =SUM(E82:J82) -> 0
A83: 2029amahapat | B83: =D83/M$1*2000 -> 0 | C83: =VLOOKUP(A83, hash!A$2:B$550, 2, 0) -> 68cb08754435a0189eb9113d | D83: =SUM(E83:J83) -> 0 | E83: 0 | F83: 0 | G83: 0 | H83: 0 | I83: 0 | J83: 0
A84: 2029exu | B84: =D84/M$1*2000 -> 0 | C84: =VLOOKUP(A84, hash!A$2:B$550, 2, 0) -> 68cafd3923cbd9382f9526f2 | D84: =SUM(E84:J84) -> 0
A85: 2029tdondapa | B85: =D85/M$1*2000 -> 0 | C85: =VLOOKUP(A85, hash!A$2:B$550, 2, 0) -> 68cb08764435a0189eb9113e | D85: =SUM(E85:J85) -> 0 | E85: 0 | F85: 0 | G85: 0 | H85: 0 | I85: 0 | J85: 0
A86: 2029bchu | B86: =D86/M$1*2000 -> 0 | C86: =VLOOKUP(A86, hash!A$2:B$550, 2, 0) -> 68cc9c2aaa4d4aca25ce4004 | D86: =SUM(E86:J86) -> 0 | F86: 0
A87: 2028vlee | B87: =D87/M$1*2000 -> 0 | C87: =VLOOKUP(A87, hash!A$2:B$550, 2, 0) -> 66e1e129f0db8f5922c91d87 | D87: =SUM(E87:J87) -> 0 | E87: 0 | F87: 0 | G87: 0 | J87: 0
A88: 2028aliu | B88: =D88/M$1*2000 -> 4072.7273 | C88: =VLOOKUP(A88, hash!A$2:B$550, 2, 0) -> 66e1e12ae2fbdff8a0c35638 | D88: =SUM(E88:J88) -> 28 | E88: 7 | F88: 7 | G88: 7 | H88: 7
A89: 2026shou | B89: =D89/M$1*2000 -> 1890.9091 | C89: =VLOOKUP(A89, hash!A$2:B$550, 2, 0) -> 6322202a0aa8ba2dbc57c0a5 | D89: =SUM(E89:J89) -> 13 | E89: 7 | F89: 6 | H89: 0
A90: 2029btan | B90: =D90/M$1*2000 -> 0 | C90: =VLOOKUP(A90, hash!A$2:B$550, 2, 0) -> 68c1d041f29fd291859a49c5 | D90: =SUM(E90:J90) -> 0 | F90: 0
A91: 2029ahannan | B91: =D91/M$1*2000 -> 145.45455 | C91: =VLOOKUP(A91, hash!A$2:B$550, 2, 0) -> 68c1cfdb6c36cb3b60206bc5 | D91: =SUM(E91:J91) -> 1 | F91: 1 | G91: 0
A92: 2027hqin | B92: =D92/M$1*2000 -> 0 | C92: =VLOOKUP(A92, hash!A$2:B$550, 2, 0) -> 651480e5b25a8777756c8277 | D92: =SUM(E92:J92) -> 0 | E92: 0
B93: =D93/M$1*2000 -> 0 | C93: =VLOOKUP(A93, hash!A$2:B$500, 2, 0) -> #N/A | D93: =SUM(E93:J93) -> 0
B94: =D94/M$1*2000 -> 0 | C94: =VLOOKUP(A94, hash!A$2:B$500, 2, 0) -> #N/A | D94: =SUM(E94:J94) -> 0
B95: =D95/M$1*2000 -> 0 | C95: =VLOOKUP(A95, hash!A$2:B$500, 2, 0) -> #N/A | D95: =SUM(E95:J95) -> 0
B96: =D96/M$1*2000 -> 0 | C96: =VLOOKUP(A96, hash!A$2:B$500, 2, 0) -> #N/A | D96: =SUM(E96:J96) -> 0
B97: =D97/M$1*2000 -> 0 | C97: =VLOOKUP(A97, hash!A$2:B$500, 2, 0) -> #N/A | D97: =SUM(E97:J97) -> 0
B98: =D98/M$1*2000 -> 0 | C98: =VLOOKUP(A98, hash!A$2:B$500, 2, 0) -> #N/A | D98: =SUM(E98:J98) -> 0
B99: =D99/M$1*2000 -> 0 | C99: =VLOOKUP(A99, hash!A$2:B$500, 2, 0) -> #N/A | D99: =SUM(E99:J99) -> 0
B100: =D100/M$1*2000 -> 0 | C100: =VLOOKUP(A100, hash!A$2:B$500, 2, 0) -> #N/A | D100: =SUM(E100:J100) -> 0
...

Sheet HMMT 1
A1: Ion ID | B1: Index | C1: userId | D1: Total | E1: P1 | F1: P2 | G1: P3 | H1: P4 | I1: P5 | J1: P6 | L1: Top 12 Average | M1: {=sum(large(D2:D1466,column(indirect("$A$1:" &ADDRESS( 1, 12)))))/12} -> #DIV/0!
A2: 2026rwang | B2: =D2/M$1*2000 -> #DIV/0! | C2: =VLOOKUP(A2, hash!A$2:B$500, 2, 0) -> 6322202c0aa8ba2dbc57c0a6 | D2: =SUMPRODUCT(E2:J2,$M$4:$R$4) -> #DIV/0! | M2: P1 | N2: P2 | O2: P3 | P2: P4 | Q2: P5 | R2: P6
A3: 2025agu | B3: 5000 | C3: =VLOOKUP(A3, hash!A$2:B$500, 2, 0) -> #N/A | D3: =SUMPRODUCT(E3:J3,$M$4:$R$4) -> #DIV/0! | L3: Num Solved | M3: =SUM(E:E) -> 0 | N3: =SUM(F:F) -> 0 | O3: =SUM(G:G) -> 0 | P3: =SUM(H:H) -> 0 | Q3: =SUM(I:I) -> 0 | R3: =SUM(J:J) -> 0
A4: 2025apagidi | B4: =D4/M$1*2000 -> #DIV/0! | C4: =VLOOKUP(A4, hash!A$2:B$500, 2, 0) -> #N/A | D4: =SUMPRODUCT(E4:J4,$M$4:$R$4) -> #DIV/0! | L4: Weighting | M4: =1+LN($M$8/M3) -> #DIV/0! | N4: =1+LN($M$8/N3) -> #DIV/0! | O4: =1+LN($M$8/O3) -> #DIV/0! | P4: =1+LN($M$8/P3) -> #DIV/0! | Q4: =1+LN($M$8/Q3) -> #DIV/0! | R4: =1+LN($M$8/R3) -> #DIV/0!
A5: 2025apalikal | B5: 3000 | C5: =VLOOKUP(A5, hash!A$2:B$500, 2, 0) -> #N/A | D5: =SUMPRODUCT(E5:J5,$M$4:$R$4) -> #DIV/0!
A6: 2028syan | B6: =D6/M$1*2000 -> #DIV/0! | C6: =VLOOKUP(A6, hash!A$2:B$500, 2, 0) -> 66e1e1237a8e6dc2aed3a642 | D6: =SUMPRODUCT(E6:J6,$M$4:$R$4) -> #DIV/0!
A7: 2025sbhargav | B7: =D7/M$1*2000 -> #DIV/0! | C7: =VLOOKUP(A7, hash!A$2:B$500, 2, 0) -> #N/A | D7: =SUMPRODUCT(E7:J7,$M$4:$R$4) -> #DIV/0! | M7: Total number of takers
A8: 2026mzhao | B8: =D8/M$1*2000 -> #DIV/0! | C8: =VLOOKUP(A8, hash!A$2:B$500, 2, 0) -> 632220270aa8ba2dbc57c0a4 | D8: =SUMPRODUCT(E8:J8,$M$4:$R$4) -> #DIV/0! | M8: =COUNTA(E2:E1497) -> 0
A9: 2025jhao | B9: =D9/M$1*2000 -> #DIV/0! | C9: =VLOOKUP(A9, hash!A$2:B$500, 2, 0) -> #N/A | D9: =SUMPRODUCT(E9:J9,$M$4:$R$4) -> #DIV/0!
A10: 2026owu | B10: =D10/M$1*2000 -> #DIV/0! | C10: =VLOOKUP(A10, hash!A$2:B$500, 2, 0) -> 6322236ef382c17890e6a3e1 | D10: =SUMPRODUCT(E10:J10,$M$4:$R$4) -> #DIV/0! | Q10: =SUM(M4:R4) -> #DIV/0!
A11: 2027ahao | B11: =D11/M$1*2000 -> #DIV/0! | C11: =VLOOKUP(A11, hash!A$2:B$500, 2, 0) -> 6502003d1d8cbbbd315ad525 | D11: =SUMPRODUCT(E11:J11,$M$4:$R$4) -> #DIV/0! | Q11: =3377 / Q10 * R4 -> #DIV/0!
A12: 2025mburch | B12: =D12/M$1*2000 -> #DIV/0! | C12: =VLOOKUP(A12, hash!A$2:B$500, 2, 0) -> #N/A | D12: =SUMPRODUCT(E12:J12,$M$4:$R$4) -> #DIV/0!
A13: 2028aliu | B13: =D13/M$1*2000 -> #DIV/0! | C13: =VLOOKUP(A13, hash!A$2:B$500, 2, 0) -> 66e1e12ae2fbdff8a0c35638 | D13: =SUMPRODUCT(E13:J13,$M$4:$R$4) -> #DIV/0!
A14: 2027esombhat | B14: =D14/M$1*2000 -> #DIV/0! | C14: =VLOOKUP(A14, hash!A$2:B$500, 2, 0) -> 65020037540ba7cc68909a9b | D14: =SUMPRODUCT(E14:J14,$M$4:$R$4) -> #DIV/0! | M14: top12 avg solves
A15: 2026exie | B15: =D15/M$1*2000 -> #DIV/0! | C15: =VLOOKUP(A15, hash!A$2:B$500, 2, 0) -> 63222011e6a618b2a0444361 | D15: =SUMPRODUCT(E15:J15,$M$4:$R$4) -> #DIV/0! | M15: =SUM(E2:J15)/12 -> 0
A16: 2025rkumaran | B16: =D16/M$1*2000 -> #DIV/0! | C16: =VLOOKUP(A16, hash!A$2:B$500, 2, 0) -> #N/A | D16: =SUMPRODUCT(E16:J16,$M$4:$R$4) -> #DIV/0!
A17: 2025avijayra | B17: =D17/M$1*2000 -> #DIV/0! | C17: =VLOOKUP(A17, hash!A$2:B$500, 2, 0) -> #N/A | D17: =SUMPRODUCT(E17:J17,$M$4:$R$4) -> #DIV/0!
A18: 2027vcao | B18: =D18/M$1*2000 -> #DIV/0! | C18: =VLOOKUP(A18, hash!A$2:B$500, 2, 0) -> 65020bfc097ac3c9d063264d | D18: =SUMPRODUCT(E18:J18,$M$4:$R$4) -> #DIV/0!
A19: 2026akrishna | B19: =D19/M$1*2000 -> #DIV/0! | C19: =VLOOKUP(A19, hash!A$2:B$500, 2, 0) -> 63222a4c5bded5e4ff37ac1f | D19: =SUMPRODUCT(E19:J19,$M$4:$R$4) -> #DIV/0!
A20: 2027pdu | B20: =D20/M$1*2000 -> #DIV/0! | C20: =VLOOKUP(A20, hash!A$2:B$500, 2, 0) -> 6502005e1d8cbbbd315ad52c | D20: =SUMPRODUCT(E20:J20,$M$4:$R$4) -> #DIV/0!
A21: 2028sari | B21: =D21/M$1*2000 -> #DIV/0! | C21: =VLOOKUP(A21, hash!A$2:B$500, 2, 0) -> 66e1ed8d1129889a3e2c24ab | D21: =SUMPRODUCT(E21:J21,$M$4:$R$4) -> #DIV/0!
A22: 2028srao | B22: =D22/M$1*2000 -> #DIV/0! | C22: =VLOOKUP(A22, hash!A$2:B$500, 2, 0) -> 66e1e12be2fbdff8a0c35639 | D22: =SUMPRODUCT(E22:J22,$M$4:$R$4) -> #DIV/0!
A23: 2026ludeshi | B23: =D23/M$1*2000 -> #DIV/0! | C23: =VLOOKUP(A23, hash!A$2:B$500, 2, 0) -> 632220620aa8ba2dbc57c0ab | D23: =SUMPRODUCT(E23:J23,$M$4:$R$4) -> #DIV/0!
A24: 2028szhang | B24: =D24/M$1*2000 -> #DIV/0! | C24: =VLOOKUP(A24, hash!A$2:B$500, 2, 0) -> 66e1e10f7a8e6dc2aed3a63c | D24: =SUMPRODUCT(E24:J24,$M$4:$R$4) -> #DIV/0!
A25: 2027spark | B25: =D25/M$1*2000 -> #DIV/0! | C25: =VLOOKUP(A25, hash!A$2:B$500, 2, 0) -> 65020c0f8f2b101294bb3dae | D25: =SUMPRODUCT(E25:J25,$M$4:$R$4) -> #DIV/0!
A26: 2026iharchic | B26: =D26/M$1*2000 -> #DIV/0! | C26: =VLOOKUP(A26, hash!A$2:B$500, 2, 0) -> 632220596d021b5cf508ccd5 | D26: =SUMPRODUCT(E26:J26,$M$4:$R$4) -> #DIV/0!
A27: 2026sshen | B27: =D27/M$1*2000 -> #DIV/0! | C27: =VLOOKUP(A27, hash!A$2:B$500, 2, 0) -> 632220710aa8ba2dbc57c0ac | D27: =SUMPRODUCT(E27:J27,$M$4:$R$4) -> #DIV/0!
... A470: 2028srangara | B470: =D470/M$1*2000 -> #DIV/0! | C470: =VLOOKUP(A470, hash!A$2:B$500, 2, 0) -> 66e1ed9c07067318cc1e18ce | D470: =SUMPRODUCT(E470:J470,$M$4:$R$4) -> #DIV/0!

Sheet PUMaC Rankings
A1: Rank | B1: Ion ID | C1: Overall Index | D1: Rounded | E1: Proof | F1: HMMT Combo | G1: HMMT NT | H1: HMMT Alg | I1: HMMT Geo
A2: 1 | B2: 2026rwang | C2: =0.3*LARGE(F2:I2, 1)+0.3*LARGE(F2:I2, 2)+0.1*LARGE(F2:I2, 3)+0.3*E2 -> 4569.7673 | D2: =ROUND(C2, 3) -> 4569.767 | E2: =IFERROR(VLOOKUP(B2, Proof!A$2:$B$588,2, 0), 0) -> 4341 | F2: =IFERROR(VLOOKUP(B2, 'HMMTPUMaC Combo'!A$2:$B$500,2, 0), 0) -> 5053.1313 | G2: 4378.8198 | H2: 4378.8198 | I2: =IFERROR(VLOOKUP(B2, 'HMMTPUMaC Geo'!$A$2:B$1500,2, 0), 0) -> 2700.1838
A3: 2 | B3: 2025agu | C3: =0.3*LARGE(F3:I3, 1)+0.3*LARGE(F3:I3, 2)+0.1*LARGE(F3:I3, 3)+0.3*E3 -> 3422.2909 | D3: =ROUND(C3, 3) -> 3422.291 | E3: =IFERROR(VLOOKUP(B3, Proof!A$2:$B$588,2, 0), 0) -> 0 | F3: =MAX(IFERROR(VLOOKUP(B3, 'HMMTPUMaC Combo'!A$2:$B$500,2, 0), 0), (G3 + H3)/2 + 550) -> 4831.5256 | G3: =IFERROR(VLOOKUP(B3, 'HMMTPUMaC NT'!A$2:$B$500,2, 0), 0) -> 5582.6403 | H3: =IFERROR(VLOOKUP(B3, 'HMMTPUMaC Algebra'!A$2:$B$500,2, 0), 0) -> 2980.411 | I3: 0
A4: 3 | B4: 2025apalikal | C4: =0.3*LARGE(F4:I4, 1)+0.3*LARGE(F4:I4, 2)+0.1*LARGE(F4:I4, 3)+0.3*E4 -> 2195.6725 | D4: =ROUND(C4, 3) -> 2195.673 | E4: =IFERROR(VLOOKUP(B4, Proof!A$2:$B$588,2, 0), 0) -> 0 | F4: =IFERROR(VLOOKUP(B4, 'HMMTPUMaC Combo'!A$2:$B$500,2, 0), 0) -> 2769.3315 | G4: =IFERROR(VLOOKUP(B4, 'HMMTPUMaC NT'!A$2:$B$500,2, 0), 0) -> 3415.3869 | H4: =IFERROR(VLOOKUP(B4, 'HMMTPUMaC Algebra'!A$2:$B$500,2, 0), 0) -> 2980.411 | I4: 0
A5: 4 | B5: 2025apagidi | C5: =0.3*LARGE(F5:I5, 1)+0.3*LARGE(F5:I5, 2)+0.1*LARGE(F5:I5, 3)+0.3*E5 -> 1948.6376 | D5: =ROUND(C5, 3) -> 1948.638 | E5: =IFERROR(VLOOKUP(B5, Proof!A$2:$B$588,2, 0), 0) -> 0 | F5: =IFERROR(VLOOKUP(B5, 'HMMTPUMaC Combo'!A$2:$B$500,2, 0), 0) -> 3477.3096 | G5: =IFERROR(VLOOKUP(B5, 'HMMTPUMaC NT'!A$2:$B$500,2, 0), 0) -> 1974.0226 | H5: =IFERROR(VLOOKUP(B5, 'HMMTPUMaC Algebra'!A$2:$B$500,2, 0), 0) -> 2360.1415 | I5: =IFERROR(VLOOKUP(B5, 'HMMTPUMaC Geo'!$A$2:B$1500,2, 0), 0) -> 0
A6: 5 | B6: 2027pdu | C6: =0.3*LARGE(F6:I6, 1)+0.3*LARGE(F6:I6, 2)+0.1*LARGE(F6:I6, 3)+0.3*E6 -> 2071.4857 | D6: =ROUND(C6, 3) -> 2071.486 | E6: =IFERROR(VLOOKUP(B6, Proof!A$2:$B$588,2, 0), 0) -> 1309.0909 | F6: =IFERROR(VLOOKUP(B6, 'HMMTPUMaC Combo'!A$2:$B$500,2, 0), 0) -> 1116.9355 | G6: =IFERROR(VLOOKUP(B6, 'HMMTPUMaC NT'!A$2:$B$500,2, 0), 0) -> 2945.8973 | H6: =IFERROR(VLOOKUP(B6, 'HMMTPUMaC Algebra'!A$2:$B$500,2, 0), 0) -> 2120.4989 | I6: =IFERROR(VLOOKUP(B6, 'HMMTPUMaC Geo'!$A$2:B$1500,2, 0), 0) -> 1588.3954
A7: 6 | B7: 2026mzhao | C7: =0.3*LARGE(F7:I7, 1)+0.3*LARGE(F7:I7, 2)+0.1*LARGE(F7:I7, 3)+0.3*E7 -> 1886.5403 | D7: =ROUND(C7, 3) -> 1886.54 | E7: =IFERROR(VLOOKUP(B7, Proof!A$2:$B$588,2, 0), 0) -> 0 | F7: =IFERROR(VLOOKUP(B7, 'HMMTPUMaC Combo'!A$2:$B$500,2, 0), 0) -> 1927.1595 | G7: =IFERROR(VLOOKUP(B7, 'HMMTPUMaC NT'!A$2:$B$500,2, 0), 0) -> 2945.8973 | H7: =IFERROR(VLOOKUP(B7, 'HMMTPUMaC Algebra'!A$2:$B$500,2, 0), 0) -> 1500.2294 | I7: =IFERROR(VLOOKUP(B7, 'HMMTPUMaC Geo'!$A$2:B$1500,2, 0), 0) -> 2700.1838
A8: 7 | B8: 2028syan | C8: =0.3*LARGE(F8:I8, 1)+0.3*LARGE(F8:I8, 2)+0.1*LARGE(F8:I8, 3)+0.3*E8 -> 2275.7854 | D8: =ROUND(C8, 3) -> 2275.785 | E8: =IFERROR(VLOOKUP(B8, Proof!A$2:$B$588,2, 0), 0) -> 2472.7273 | F8: =IFERROR(VLOOKUP(B8, 'HMMTPUMaC Combo'!A$2:$B$500,2, 0), 0) -> 2092.9975 | G8: =IFERROR(VLOOKUP(B8, 'HMMTPUMaC NT'!A$2:$B$500,2, 0), 0) -> 808.84224 | H8: =IFERROR(VLOOKUP(B8, 'HMMTPUMaC Algebra'!A$2:$B$500,2, 0), 0) -> 2120.4989 | I8: =IFERROR(VLOOKUP(B8, 'HMMTPUMaC Geo'!$A$2:B$1500,2, 0), 0) -> 2295.0593
A9: 8 | B9: 2026shou | C9: =0.3*LARGE(F9:I9, 1)+0.3*LARGE(F9:I9, 2)+0.1*LARGE(F9:I9, 3)+0.3*E9 -> 2172.3066 | D9: =ROUND(C9, 3) -> 2172.307 | E9: =IFERROR(VLOOKUP(B9, Proof!A$2:$B$588,2, 0), 0) -> 1890.9091 | F9: =IFERROR(VLOOKUP(B9, 'HMMTPUMaC Combo'!A$2:$B$500,2, 0), 0) -> 0 | G9: =IFERROR(VLOOKUP(B9, 'HMMTPUMaC NT'!A$2:$B$500,2, 0), 0) -> 808.84224 | H9: =IFERROR(VLOOKUP(B9, 'HMMTPUMaC Algebra'!A$2:$B$500,2, 0), 0) -> 2120.4989 | I9: 2960
A10: 9 | B10: 2027ahao | C10: =0.3*LARGE(F10:I10, 1)+0.3*LARGE(F10:I10, 2)+0.1*LARGE(F10:I10, 3)+0.3*E10 -> 2055.6724 | D10: =ROUND(C10, 3) -> 2055.672 | E10: =IFERROR(VLOOKUP(B10, Proof!A$2:$B$588,2, 0), 0) -> 1745.4545 | F10: =IFERROR(VLOOKUP(B10, 'HMMTPUMaC Combo'!A$2:$B$500,2, 0), 0) -> 1501.9992 | G10: =IFERROR(VLOOKUP(B10, 'HMMTPUMaC NT'!A$2:$B$500,2, 0), 0) -> 808.84224 | H10: =IFERROR(VLOOKUP(B10, 'HMMTPUMaC Algebra'!A$2:$B$500,2, 0), 0) -> 2120.4989 | I10: =IFERROR(VLOOKUP(B10, 'HMMTPUMaC Geo'!$A$2:B$1500,2, 0), 0) -> 2485.6214
A11: 10 | B11: 2028aliu | C11: =0.3*LARGE(F11:I11, 1)+0.3*LARGE(F11:I11, 2)+0.1*LARGE(F11:I11, 3)+0.3*E11 -> 2719.7403 | D11: =ROUND(C11, 3) -> 2719.74 | E11: =IFERROR(VLOOKUP(B11, Proof!A$2:$B$588,2, 0), 0) -> 4072.7273 | F11: =IFERROR(VLOOKUP(B11, 'HMMTPUMaC Combo'!A$2:$B$500,2, 0), 0) -> 1299.2802 | G11: =IFERROR(VLOOKUP(B11, 'HMMTPUMaC NT'!A$2:$B$500,2, 0), 0) -> 1780.7169 | H11: =IFERROR(VLOOKUP(B11, 'HMMTPUMaC Algebra'!A$2:$B$500,2, 0), 0) -> 1536.5192 | I11: =IFERROR(VLOOKUP(B11, 'HMMTPUMaC Geo'!$A$2:B$1500,2, 0), 0) -> 2700.1838
A12: 11 | B12: 2025mburch | C12: =0.3*LARGE(F12:I12, 1)+0.3*LARGE(F12:I12, 2)+0.1*LARGE(F12:I12, 3)+0.3*E12 -> 1056.5154 | D12: =ROUND(C12, 3) -> 1056.515 | E12: =IFERROR(VLOOKUP(B12, Proof!A$2:$B$588,2, 0), 0) -> 0 | F12: =IFERROR(VLOOKUP(B12, 'HMMTPUMaC Combo'!A$2:$B$500,2, 0), 0) -> 1299.2802 | G12: =IFERROR(VLOOKUP(B12, 'HMMTPUMaC NT'!A$2:$B$500,2, 0), 0) -> 808.84224 | H12: =IFERROR(VLOOKUP(B12, 'HMMTPUMaC Algebra'!A$2:$B$500,2, 0), 0) -> 1500.2294 | I12: =IFERROR(VLOOKUP(B12, 'HMMTPUMaC Geo'!$A$2:B$1500,2, 0), 0) -> 1588.3954
A13: 12 | B13: 2025sbhargav | C13: =0.3*LARGE(F13:I13, 1)+0.3*LARGE(F13:I13, 2)+0.1*LARGE(F13:I13, 3)+0.3*E13 -> 1312.0839 | D13: =ROUND(C13, 3) -> 1312.084 | E13: =IFERROR(VLOOKUP(B13, Proof!A$2:$B$588,2, 0), 0) -> 0 | F13: =IFERROR(VLOOKUP(B13, 'HMMTPUMaC Combo'!A$2:$B$500,2, 0), 0) -> 1927.1595 | G13: =IFERROR(VLOOKUP(B13, 'HMMTPUMaC NT'!A$2:$B$500,2, 0), 0) -> 1780.7169 | H13: 1852.8812 | I13: =IFERROR(VLOOKUP(B13, 'HMMTPUMaC Geo'!$A$2:B$1500,2, 0), 0) -> 965.28964
A14: 13 | B14: 2025jhao | C14: =0.3*LARGE(F14:I14, 1)+0.3*LARGE(F14:I14, 2)+0.1*LARGE(F14:I14, 3)+0.3*E14 -> 892.48346 | D14: =ROUND(C14, 3) -> 892.483 | E14: =IFERROR(VLOOKUP(B14, Proof!A$2:$B$588,2, 0), 0) -> 0 | F14: 1116.9354 | G14: =IFERROR(VLOOKUP(B14, 'HMMTPUMaC NT'!A$2:$B$500,2, 0), 0) -> 808.84224 | H14: =IFERROR(VLOOKUP(B14, 'HMMTPUMaC Algebra'!A$2:$B$500,2, 0), 0) -> 376.68531 | I14: =IFERROR(VLOOKUP(B14, 'HMMTPUMaC Geo'!$A$2:B$1500,2, 0), 0) -> 1588.3954
A15: 14 | B15: 2026ludeshi | C15: =0.3*LARGE(F15:I15, 1)+0.3*LARGE(F15:I15, 2)+0.1*LARGE(F15:I15, 3)+0.3*E15 -> 1254.3785 | D15: =ROUND(C15, 3) -> 1254.378 | E15: =IFERROR(VLOOKUP(B15, Proof!A$2:$B$588,2, 0), 0) -> 0 | F15: =IFERROR(VLOOKUP(B15, 'HMMTPUMaC Combo'!A$2:$B$500,2, 0), 0) -> 810.22407 | G15: =IFERROR(VLOOKUP(B15, 'HMMTPUMaC NT'!A$2:$B$500,2, 0), 0) -> 2945.8973 | H15: =IFERROR(VLOOKUP(B15, 'HMMTPUMaC Algebra'!A$2:$B$500,2, 0), 0) -> 376.68531 | I15: =IFERROR(VLOOKUP(B15, 'HMMTPUMaC Geo'!$A$2:B$1500,2, 0), 0) -> 965.28964
A16: 15 | B16: 2026owu | C16: =0.3*LARGE(F16:I16, 1)+0.3*LARGE(F16:I16, 2)+0.1*LARGE(F16:I16, 3)+0.3*E16 -> 1398.7432 | D16: =ROUND(C16, 3) -> 1398.743 | E16: =IFERROR(VLOOKUP(B16, Proof!A$2:$B$588,2, 0), 0) -> 1018.1818 | F16: =IFERROR(VLOOKUP(B16, 'HMMTPUMaC Combo'!A$2:$B$500,2, 0), 0) -> 1786.2861 | G16: =IFERROR(VLOOKUP(B16, 'HMMTPUMaC NT'!A$2:$B$500,2, 0), 0) -> 808.84224 | H16: =IFERROR(VLOOKUP(B16, 'HMMTPUMaC Algebra'!A$2:$B$500,2, 0), 0) -> 376.68531 | I16: =IFERROR(VLOOKUP(B16, 'HMMTPUMaC Geo'!$A$2:B$1500,2, 0), 0) -> 1588.3954
A17: 16 | B17: 2027eguo | C17: =0.3*LARGE(F17:I17, 1)+0.3*LARGE(F17:I17, 2)+0.1*LARGE(F17:I17, 3)+0.3*E17 -> 1472.6257 | D17: =ROUND(C17, 3) -> 1472.626 | E17: =IFERROR(VLOOKUP(B17, Proof!A$2:$B$588,2, 0), 0) -> 1890.9091 | F17: =IFERROR(VLOOKUP(B17, 'HMMTPUMaC Combo'!A$2:$B$500,2, 0), 0) -> 0 | G17: =IFERROR(VLOOKUP(B17, 'HMMTPUMaC NT'!A$2:$B$500,2, 0), 0) -> 808.84224 | H17: =IFERROR(VLOOKUP(B17, 'HMMTPUMaC Algebra'!A$2:$B$500,2, 0), 0) -> 1159.8339 | I17: =IFERROR(VLOOKUP(B17, 'HMMTPUMaC Geo'!$A$2:B$1500,2, 0), 0) -> 1588.3954
A18: 17 | B18: 2026exie | C18: =0.3*LARGE(F18:I18, 1)+0.3*LARGE(F18:I18, 2)+0.1*LARGE(F18:I18, 3)+0.3*E18 -> 892.48348 | D18: =ROUND(C18, 3) -> 892.483 | E18: =IFERROR(VLOOKUP(B18, Proof!A$2:$B$588,2, 0), 0) -> 0 | F18: =IFERROR(VLOOKUP(B18, 'HMMTPUMaC Combo'!A$2:$B$500,2, 0), 0) -> 1116.9355 | G18: =IFERROR(VLOOKUP(B18, 'HMMTPUMaC NT'!A$2:$B$500,2, 0), 0) -> 808.84224 | H18: =IFERROR(VLOOKUP(B18, 'HMMTPUMaC Algebra'!A$2:$B$500,2, 0), 0) -> 0 | I18: =IFERROR(VLOOKUP(B18, 'HMMTPUMaC Geo'!$A$2:B$1500,2, 0), 0) -> 1588.3954
A19: 18 | B19: 2026elee | C19: =0.3*LARGE(F19:I19, 1)+0.3*LARGE(F19:I19, 2)+0.1*LARGE(F19:I19, 3)+0.3*E19 -> 832.27776 | D19: =ROUND(C19, 3) -> 832.278 | E19: =IFERROR(VLOOKUP(B19, Proof!A$2:$B$588,2, 0), 0) -> 0 | F19: =IFERROR(VLOOKUP(B19, 'HMMTPUMaC Combo'!A$2:$B$500,2, 0), 0) -> 457.10823 | G19: =IFERROR(VLOOKUP(B19, 'HMMTPUMaC NT'!A$2:$B$500,2, 0), 0) -> 808.84224 | H19: =IFERROR(VLOOKUP(B19, 'HMMTPUMaC Algebra'!A$2:$B$500,2, 0), 0) -> 916.24973 | I19: =IFERROR(VLOOKUP(B19, 'HMMTPUMaC Geo'!$A$2:B$1500,2, 0), 0) -> 1588.3954
A20: 19 | B20: 2027esombhat | C20: =0.3*LARGE(F20:I20, 1)+0.3*LARGE(F20:I20, 2)+0.1*LARGE(F20:I20, 3)+0.3*E20 -> 1338.2686 | D20: =ROUND(C20, 3) -> 1338.269 | E20: =IFERROR(VLOOKUP(B20, Proof!A$2:$B$588,2, 0), 0) -> 1890.9091 | F20: =IFERROR(VLOOKUP(B20, 'HMMTPUMaC Combo'!A$2:$B$500,2, 0), 0) -> 1299.2802 | G20: =IFERROR(VLOOKUP(B20, 'HMMTPUMaC NT'!A$2:$B$500,2, 0), 0) -> 808.84224 | H20: =IFERROR(VLOOKUP(B20, 'HMMTPUMaC Algebra'!A$2:$B$500,2, 0), 0) -> 916.24973 | I20: =IFERROR(VLOOKUP(B20, 'HMMTPUMaC Geo'!$A$2:B$1500,2, 0), 0) -> 965.28964
A21: 20 | B21: 2027eshan | C21: =0.3*LARGE(F21:I21, 1)+0.3*LARGE(F21:I21, 2)+0.1*LARGE(F21:I21, 3)+0.3*E21 -> 1288.5185 | D21: =ROUND(C21, 3) -> 1288.518 | E21: =IFERROR(VLOOKUP(B21, Proof!A$2:$B$588,2, 0), 0) -> 1745.4545 | F21: =IFERROR(VLOOKUP(B21, 'HMMTPUMaC Combo'!A$2:$B$500,2, 0), 0) -> 457.10823 | G21: =IFERROR(VLOOKUP(B21, 'HMMTPUMaC NT'!A$2:$B$500,2, 0), 0) -> 808.84224 | H21: =IFERROR(VLOOKUP(B21, 'HMMTPUMaC Algebra'!A$2:$B$500,2, 0), 0) -> 376.68531 | I21: =IFERROR(VLOOKUP(B21, 'HMMTPUMaC Geo'!$A$2:B$1500,2, 0), 0) -> 1588.3954
A22: 21 | B22: 2025avijayra | C22: =0.3*LARGE(F22:I22, 1)+0.3*LARGE(F22:I22, 2)+0.1*LARGE(F22:I22, 3)+0.3*E22 -> 724.43395 | D22: =ROUND(C22, 3) -> 724.434 | E22: =IFERROR(VLOOKUP(B22, Proof!A$2:$B$588,2, 0), 0) -> 0 | F22: =IFERROR(VLOOKUP(B22, 'HMMTPUMaC Combo'!A$2:$B$500,2, 0), 0) -> 1116.9355 | G22: =IFERROR(VLOOKUP(B22, 'HMMTPUMaC NT'!A$2:$B$500,2, 0), 0) -> 808.84224 | H22: =IFERROR(VLOOKUP(B22, 'HMMTPUMaC Algebra'!A$2:$B$500,2, 0), 0) -> 376.68531 | I22: =IFERROR(VLOOKUP(B22, 'HMMTPUMaC Geo'!$A$2:B$1500,2, 0), 0) -> 1028.2303
A23: 22 | B23: 2026jma | C23: =0.3*LARGE(F23:I23, 1)+0.3*LARGE(F23:I23, 2)+0.1*LARGE(F23:I23, 3)+0.3*E23 -> 1396.2756 | D23: =ROUND(C23, 3) -> 1396.276 | E23: =IFERROR(VLOOKUP(B23, Proof!A$2:$B$588,2, 0), 0) -> 2036.3636 | F23: =IFERROR(VLOOKUP(B23, 'HMMTPUMaC Combo'!A$2:$B$500,2, 0), 0) -> 457.10823 | G23: =IFERROR(VLOOKUP(B23, 'HMMTPUMaC NT'!A$2:$B$500,2, 0), 0) -> 422.63487 | H23: =IFERROR(VLOOKUP(B23, 'HMMTPUMaC Algebra'!A$2:$B$500,2, 0), 0) -> 1500.2294 | I23: =IFERROR(VLOOKUP(B23, 'HMMTPUMaC Geo'!$A$2:B$1500,2, 0), 0) -> 965.28964
A24: 23 | B24: 2028tdeng | C24: =0.3*LARGE(F24:I24, 1)+0.3*LARGE(F24:I24, 2)+0.1*LARGE(F24:I24, 3)+0.3*E24 -> 1024.6258 | D24: =ROUND(C24, 3) -> 1024.626 | E24: =IFERROR(VLOOKUP(B24, Proof!A$2:$B$588,2, 0), 0) -> 1018.1818 | F24: =IFERROR(VLOOKUP(B24, 'HMMTPUMaC Combo'!A$2:$B$500,2, 0), 0) -> 0 | G24: =IFERROR(VLOOKUP(B24, 'HMMTPUMaC NT'!A$2:$B$500,2, 0), 0) -> 808.84224 | H24: =IFERROR(VLOOKUP(B24, 'HMMTPUMaC Algebra'!A$2:$B$500,2, 0), 0) -> 0 | I24: =IFERROR(VLOOKUP(B24, 'HMMTPUMaC Geo'!$A$2:B$1500,2, 0), 0) -> 1588.3954
A25: 24 | B25: 2027achu | C25: =0.3*LARGE(F25:I25, 1)+0.3*LARGE(F25:I25, 2)+0.1*LARGE(F25:I25, 3)+0.3*E25 -> 1163.3167 | D25: =ROUND(C25, 3) -> 1163.317 | E25: =IFERROR(VLOOKUP(B25, Proof!A$2:$B$588,2, 0), 0) -> 1163.6364 | F25: =IFERROR(VLOOKUP(B25, 'HMMTPUMaC Combo'!A$2:$B$500,2, 0), 0) -> 0 | G25: =IFERROR(VLOOKUP(B25, 'HMMTPUMaC NT'!A$2:$B$500,2, 0), 0) -> 386.20737 | H25: =IFERROR(VLOOKUP(B25, 'HMMTPUMaC Algebra'!A$2:$B$500,2, 0), 0) -> 996.9548 | I25: =IFERROR(VLOOKUP(B25, 'HMMTPUMaC Geo'!$A$2:B$1500,2, 0), 0) -> 1588.3954
A26: 25 | B26: 2025jyoo | C26: =0.3*LARGE(F26:I26, 1)+0.3*LARGE(F26:I26, 2)+0.1*LARGE(F26:I26, 3)+0.3*E26 -> 569.9081 | D26: =ROUND(C26, 3) -> 569.908 | E26: =IFERROR(VLOOKUP(B26, Proof!A$2:$B$588,2, 0), 0) -> 0 | F26: =IFERROR(VLOOKUP(B26, 'HMMTPUMaC Combo'!A$2:$B$500,2, 0), 0) -> 0 | G26: =IFERROR(VLOOKUP(B26, 'HMMTPUMaC NT'!A$2:$B$500,2, 0), 0) -> 808.84224 | H26: =IFERROR(VLOOKUP(B26, 'HMMTPUMaC Algebra'!A$2:$B$500,2, 0), 0) -> 376.68531 | I26: =IFERROR(VLOOKUP(B26, 'HMMTPUMaC Geo'!$A$2:B$1500,2, 0), 0) -> 965.28964
... A36: 35 | B36: 2027vcao | C36: =0.3*LARGE(F36:I36, 1)+0.3*LARGE(F36:I36, 2)+0.1*LARGE(F36:I36, 3)+0.3*E36 -> 681.21826 | D36: =ROUND(C36, 3) -> 681.218 | E36: =IFERROR(VLOOKUP(B36, Proof!A$2:$B$588,2, 0), 0) -> 0 | F36: =IFERROR(VLOOKUP(B36, 'HMMTPUMaC Combo'!A$2:$B$500,2, 0), 0) -> 1116.9355 | G36: =IFERROR(VLOOKUP(B36, 'HMMTPUMaC NT'!A$2:$B$500,2, 0), 0) -> 0 | H36: =IFERROR(VLOOKUP(B36, 'HMMTPUMaC Algebra'!A$2:$B$500,2, 0), 0) -> 376.68531 | I36: =IFERROR(VLOOKUP(B36, 'HMMTPUMaC Geo'!$A$2:B$1500,2, 0), 0) -> 1028.2303
A37: 36 | B37: 2027nliang | C37: =0.3*LARGE(F37:I37, 1)+0.3*LARGE(F37:I37, 2)+0.1*LARGE(F37:I37, 3)+0.3*E37 -> 379.78514 | D37: =ROUND(C37, 3) -> 379.785 | E37: =IFERROR(VLOOKUP(B37, Proof!A$2:$B$588,2, 0), 0) -> 0 | F37: =IFERROR(VLOOKUP(B37, 'HMMTPUMaC Combo'!A$2:$B$500,2, 0), 0) -> 457.10823 | G37: =IFERROR(VLOOKUP(B37, 'HMMTPUMaC NT'!A$2:$B$500,2, 0), 0) -> 808.84224 | H37: =IFERROR(VLOOKUP(B37, 'HMMTPUMaC Algebra'!A$2:$B$500,2, 0), 0) -> 0 | I37: =IFERROR(VLOOKUP(B37, 'HMMTPUMaC Geo'!$A$2:B$1500,2, 0), 0) -> 0 | K37: why are p2s all <15 except nt which no one solved anything besdies 1 and 2
A38: 37 | B38: 2028sari | C38: =0.3*LARGE(F38:I38, 1)+0.3*LARGE(F38:I38, 2)+0.1*LARGE(F38:I38, 3)+0.3*E38 -> 621.02622 | D38: =ROUND(C38, 3) -> 621.026 | E38: =IFERROR(VLOOKUP(B38, Proof!A$2:$B$588,2, 0), 0) -> 0 | F38: =IFERROR(VLOOKUP(B38, 'HMMTPUMaC Combo'!A$2:$B$500,2, 0), 0) -> 976.06198 | G38: =IFERROR(VLOOKUP(B38, 'HMMTPUMaC NT'!A$2:$B$500,2, 0), 0) -> 386.20737 | H38: =IFERROR(VLOOKUP(B38, 'HMMTPUMaC Algebra'!A$2:$B$500,2, 0), 0) -> 0 | I38: =IFERROR(VLOOKUP(B38, 'HMMTPUMaC Geo'!$A$2:B$1500,2, 0), 0) -> 965.28964
A39: 38 | B39: 2028asu | C39: =0.3*LARGE(F39:I39, 1)+0.3*LARGE(F39:I39, 2)+0.1*LARGE(F39:I39, 3)+0.3*E39 -> 569.9081 | D39: =ROUND(C39, 3) -> 569.908 | E39: =IFERROR(VLOOKUP(B39, Proof!A$2:$B$588,2, 0), 0) -> 0 | F39: =IFERROR(VLOOKUP(B39, 'HMMTPUMaC Combo'!A$2:$B$500,2, 0), 0) -> 0 | G39: =IFERROR(VLOOKUP(B39, 'HMMTPUMaC NT'!A$2:$B$500,2, 0), 0) -> 808.84224 | H39: =IFERROR(VLOOKUP(B39, 'HMMTPUMaC Algebra'!A$2:$B$500,2, 0), 0) -> 376.68531 | I39: =IFERROR(VLOOKUP(B39, 'HMMTPUMaC Geo'!$A$2:B$1500,2, 0), 0) -> 965.28964
A40: 39 | B40: 2025rkumaran | C40: =0.3*LARGE(F40:I40, 1)+0.3*LARGE(F40:I40, 2)+0.1*LARGE(F40:I40, 3)+0.3*E40 -> 335.08064 | D40: =ROUND(C40, 3) -> 335.081 | E40: =IFERROR(VLOOKUP(B40, Proof!A$2:$B$588,2, 0), 0) -> 0 | F40: =IFERROR(VLOOKUP(B40, 'HMMTPUMaC Combo'!A$2:$B$500,2, 0), 0) -> 1116.9355 | G40: =IFERROR(VLOOKUP(B40, 'HMMTPUMaC NT'!A$2:$B$500,2, 0), 0) -> 0 | H40: =IFERROR(VLOOKUP(B40, 'HMMTPUMaC Algebra'!A$2:$B$500,2, 0), 0) -> 0 | I40: =IFERROR(VLOOKUP(B40, 'HMMTPUMaC Geo'!$A$2:B$1500,2, 0), 0) -> 0
A41: 40 | B41: 2027ayan | C41: =0.3*LARGE(F41:I41, 1)+0.3*LARGE(F41:I41, 2)+0.1*LARGE(F41:I41, 3)+0.3*E41 -> 577.95039 | D41: =ROUND(C41, 3) -> 577.95 | E41: =IFERROR(VLOOKUP(B41, Proof!A$2:$B$588,2, 0), 0) -> 0 | F41: =IFERROR(VLOOKUP(B41, 'HMMTPUMaC Combo'!A$2:$B$500,2, 0), 0) -> 457.10823 | G41: =IFERROR(VLOOKUP(B41, 'HMMTPUMaC NT'!A$2:$B$500,2, 0), 0) -> 808.84224 | H41: =IFERROR(VLOOKUP(B41, 'HMMTPUMaC Algebra'!A$2:$B$500,2, 0), 0) -> 376.68531 | I41: =IFERROR(VLOOKUP(B41, 'HMMTPUMaC Geo'!$A$2:B$1500,2, 0), 0) -> 965.28964
A42: 41 | B42: 2028dvladimi | C42: =0.3*LARGE(F42:I42, 1)+0.3*LARGE(F42:I42, 2)+0.1*LARGE(F42:I42, 3)+0.3*E42 -> 532.23956 | D42: =ROUND(C42, 3) -> 532.24 | E42: =IFERROR(VLOOKUP(B42, Proof!A$2:$B$588,2, 0), 0) -> 0 | F42: =IFERROR(VLOOKUP(B42, 'HMMTPUMaC Combo'!A$2:$B$500,2, 0), 0) -> 0 | G42: =IFERROR(VLOOKUP(B42, 'HMMTPUMaC NT'!A$2:$B$500,2, 0), 0) -> 808.84224 | H42: =IFERROR(VLOOKUP(B42, 'HMMTPUMaC Algebra'!A$2:$B$500,2, 0), 0) -> 0 | I42: =IFERROR(VLOOKUP(B42, 'HMMTPUMaC Geo'!$A$2:B$1500,2, 0), 0) -> 965.28964
A43: 42 | B43: 2026akrishna | C43: =0.3*LARGE(F43:I43, 1)+0.3*LARGE(F43:I43, 2)+0.1*LARGE(F43:I43, 3)+0.3*E43 -> 456.618 | D43: =ROUND(C43, 3) -> 456.618 | E43: =IFERROR(VLOOKUP(B43, Proof!A$2:$B$588,2, 0), 0) -> 0 | F43: =IFERROR(VLOOKUP(B43, 'HMMTPUMaC Combo'!A$2:$B$500,2, 0), 0) -> 1116.9355 | G43: =IFERROR(VLOOKUP(B43, 'HMMTPUMaC NT'!A$2:$B$500,2, 0), 0) -> 0 | H43: =IFERROR(VLOOKUP(B43, 'HMMTPUMaC Algebra'!A$2:$B$500,2, 0), 0) -> 0 | I43: =IFERROR(VLOOKUP(B43, 'HMMTPUMaC Geo'!$A$2:B$1500,2, 0), 0) -> 405.12455
A44: 43 | B44: 2027jlee1 | C44: =0.3*LARGE(F44:I44, 1)+0.3*LARGE(F44:I44, 2)+0.1*LARGE(F44:I44, 3)+0.3*E44 -> 379.78514 | D44: =ROUND(C44, 3) -> 379.785 | E44: =IFERROR(VLOOKUP(B44, Proof!A$2:$B$588,2, 0), 0) -> 0 | F44: =IFERROR(VLOOKUP(B44, 'HMMTPUMaC Combo'!A$2:$B$500,2, 0), 0) -> 457.10823 | G44: =IFERROR(VLOOKUP(B44, 'HMMTPUMaC NT'!A$2:$B$500,2, 0), 0) -> 808.84224 | H44: =IFERROR(VLOOKUP(B44, 'HMMTPUMaC Algebra'!A$2:$B$500,2, 0), 0) -> 0 | I44: =IFERROR(VLOOKUP(B44, 'HMMTPUMaC Geo'!$A$2:B$1500,2, 0), 0) -> 0
A45: 44 | B45: 2028srao | C45: =0.3*LARGE(F45:I45, 1)+0.3*LARGE(F45:I45, 2)+0.1*LARGE(F45:I45, 3)+0.3*E45 -> 379.44204 | D45: =ROUND(C45, 3) -> 379.442 | E45: =IFERROR(VLOOKUP(B45, Proof!A$2:$B$588,2, 0), 0) -> 0 | F45: =IFERROR(VLOOKUP(B45, 'HMMTPUMaC Combo'!A$2:$B$500,2, 0), 0) -> 842.17193 | G45: =IFERROR(VLOOKUP(B45, 'HMMTPUMaC NT'!A$2:$B$500,2, 0), 0) -> 422.63487 | H45: =IFERROR(VLOOKUP(B45, 'HMMTPUMaC Algebra'!A$2:$B$500,2, 0), 0) -> 0 | I45: =IFERROR(VLOOKUP(B45, 'HMMTPUMaC Geo'!$A$2:B$1500,2, 0), 0) -> 0
A46: 45 | B46: 2026rsingh2 | C46: =0.3*LARGE(F46:I46, 1)+0.3*LARGE(F46:I46, 2)+0.1*LARGE(F46:I46, 3)+0.3*E46 -> 391.70811 | D46: =ROUND(C46, 3) -> 391.708 | E46: =IFERROR(VLOOKUP(B46, Proof!A$2:$B$588,2, 0), 0) -> 290.90909 | F46: =IFERROR(VLOOKUP(B46, 'HMMTPUMaC Combo'!A$2:$B$500,2, 0), 0) -> 457.10823 | G46: =IFERROR(VLOOKUP(B46, 'HMMTPUMaC NT'!A$2:$B$500,2, 0), 0) -> 422.63487 | H46: =IFERROR(VLOOKUP(B46, 'HMMTPUMaC Algebra'!A$2:$B$500,2, 0), 0) -> 0 | I46: =IFERROR(VLOOKUP(B46, 'HMMTPUMaC Geo'!$A$2:B$1500,2, 0), 0) -> 405.12455
A47: 46 | B47: 2028ylin | C47: =0.3*LARGE(F47:I47, 1)+0.3*LARGE(F47:I47, 2)+0.1*LARGE(F47:I47, 3)+0.3*E47 -> 137.13247 | D47: =ROUND(C47, 3) -> 137.132 | E47: =IFERROR(VLOOKUP(B47, Proof!A$2:$B$588,2, 0), 0) -> 0 | F47: =IFERROR(VLOOKUP(B47, 'HMMTPUMaC Combo'!A$2:$B$500,2, 0), 0) -> 457.10823 | G47: =IFERROR(VLOOKUP(B47, 'HMMTPUMaC NT'!A$2:$B$500,2, 0), 0) -> 0 | H47: =IFERROR(VLOOKUP(B47, 'HMMTPUMaC Algebra'!A$2:$B$500,2, 0), 0) -> 0 | I47: =IFERROR(VLOOKUP(B47, 'HMMTPUMaC Geo'!$A$2:B$1500,2, 0), 0) -> 0
A48: 47 | B48: 2026mzuo | C48: =0.3*LARGE(F48:I48, 1)+0.3*LARGE(F48:I48, 2)+0.1*LARGE(F48:I48, 3)+0.3*E48 -> 364.19004 | D48: =ROUND(C48, 3) -> 364.19 | E48: =IFERROR(VLOOKUP(B48, Proof!A$2:$B$588,2, 0), 0) -> 0 | F48: =IFERROR(VLOOKUP(B48, 'HMMTPUMaC Combo'!A$2:$B$500,2, 0), 0) -> 0 | G48: =IFERROR(VLOOKUP(B48, 'HMMTPUMaC NT'!A$2:$B$500,2, 0), 0) -> 808.84224 | H48: =IFERROR(VLOOKUP(B48, 'HMMTPUMaC Algebra'!A$2:$B$500,2, 0), 0) -> 0 | I48: =IFERROR(VLOOKUP(B48, 'HMMTPUMaC Geo'!$A$2:B$1500,2, 0), 0) -> 405.12455
A49: 48 | B49: 2028dhe | C49: =0.3*LARGE(F49:I49, 1)+0.3*LARGE(F49:I49, 2)+0.1*LARGE(F49:I49, 3)+0.3*E49 -> 180.76883 | D49: =ROUND(C49, 3) -> 180.769 | E49: =IFERROR(VLOOKUP(B49, Proof!A$2:$B$588,2, 0), 0) -> 145.45455 | F49: =IFERROR(VLOOKUP(B49, 'HMMTPUMaC Combo'!A$2:$B$500,2, 0), 0) -> 457.10823 | G49: =IFERROR(VLOOKUP(B49, 'HMMTPUMaC NT'!A$2:$B$500,2, 0), 0) -> 0 | H49: =IFERROR(VLOOKUP(B49, 'HMMTPUMaC Algebra'!A$2:$B$500,2, 0), 0) -> 0 | I49: =IFERROR(VLOOKUP(B49, 'HMMTPUMaC Geo'!$A$2:B$1500,2, 0), 0) -> 0
A50: 49 | B50: 2028bhan | C50: =0.3*LARGE(G50:I50, 1)+0.3*LARGE(G50:I50, 2)+0.1*LARGE(G50:I50, 3)+0.3*E50 -> 318.70447 | D50: =ROUND(C50, 3) -> 318.704 | E50: =IFERROR(VLOOKUP(B50, Proof!A$2:$B$588,2, 0), 0) -> 145.45455 | F50: =IFERROR(VLOOKUP(B50, 'HMMTPUMaC Combo'!A$2:$B$500,2, 0), 0) -> 0 | G50: =IFERROR(VLOOKUP(B50, 'HMMTPUMaC NT'!A$2:$B$500,2, 0), 0) -> 386.20737 | H50: =IFERROR(VLOOKUP(B50, 'HMMTPUMaC Algebra'!A$2:$B$500,2, 0), 0) -> 376.68531 | I50: =IFERROR(VLOOKUP(B50, 'HMMTPUMaC Geo'!$A$2:B$1500,2, 0), 0) -> 405.12455
A51: 50 | B51: 2027sbisht | C51: =0.3*LARGE(F51:I51, 1)+0.3*LARGE(F51:I51, 2)+0.1*LARGE(F51:I51, 3)+0.3*E51 -> 263.92293 | D51: =ROUND(C51, 3) -> 263.923 | E51: =IFERROR(VLOOKUP(B51, Proof!A$2:$B$588,2, 0), 0) -> 0 | F51: =IFERROR(VLOOKUP(B51, 'HMMTPUMaC Combo'!A$2:$B$500,2, 0), 0) -> 457.10823 | G51: =IFERROR(VLOOKUP(B51, 'HMMTPUMaC NT'!A$2:$B$500,2, 0), 0) -> 422.63487 | H51: =IFERROR(VLOOKUP(B51, 'HMMTPUMaC Algebra'!A$2:$B$500,2, 0), 0) -> 0 | I51: =IFERROR(VLOOKUP(B51, 'HMMTPUMaC Geo'!$A$2:B$1500,2, 0), 0) -> 0
A52: 51 | B52: 2026sshen | C52: =0.3*LARGE(F52:I52, 1)+0.3*LARGE(F52:I52, 2)+0.1*LARGE(F52:I52, 3)+0.3*E52 -> 258.66983 | D52: =ROUND(C52, 3) -> 258.67 | E52: =IFERROR(VLOOKUP(B52, Proof!A$2:$B$588,2, 0), 0) -> 0 | F52: =IFERROR(VLOOKUP(B52, 'HMMTPUMaC Combo'!A$2:$B$500,2, 0), 0) -> 457.10823 | G52: =IFERROR(VLOOKUP(B52, 'HMMTPUMaC NT'!A$2:$B$500,2, 0), 0) -> 0 | H52: =IFERROR(VLOOKUP(B52, 'HMMTPUMaC Algebra'!A$2:$B$500,2, 0), 0) -> 0 | I52: =IFERROR(VLOOKUP(B52, 'HMMTPUMaC Geo'!$A$2:B$1500,2, 0), 0) -> 405.12455
A53: 52 | B53: 2028gagilan | C53: =0.3*LARGE(F53:I53, 1)+0.3*LARGE(F53:I53, 2)+0.1*LARGE(F53:I53, 3)+0.3*E53 -> 252.99468 | D53: =ROUND(C53, 3) -> 252.995 | E53: =IFERROR(VLOOKUP(B53, Proof!A$2:$B$588,2, 0), 0) -> 0 | F53: =IFERROR(VLOOKUP(B53, 'HMMTPUMaC Combo'!A$2:$B$500,2, 0), 0) -> 457.10823 | G53: =IFERROR(VLOOKUP(B53, 'HMMTPUMaC NT'!A$2:$B$500,2, 0), 0) -> 386.20737 | H53: =IFERROR(VLOOKUP(B53, 'HMMTPUMaC Algebra'!A$2:$B$500,2, 0), 0) -> 0 | I53: =IFERROR(VLOOKUP(B53, 'HMMTPUMaC Geo'!$A$2:B$1500,2, 0), 0) -> 0
A54: 53 | B54: 2027mbu | C54: =0.3*LARGE(F54:I54, 1)+0.3*LARGE(F54:I54, 2)+0.1*LARGE(F54:I54, 3)+0.3*E54 -> 248.32783 | D54: =ROUND(C54, 3) -> 248.328 | E54: =IFERROR(VLOOKUP(B54, Proof!A$2:$B$588,2, 0), 0) -> 0 | F54: =IFERROR(VLOOKUP(B54, 'HMMTPUMaC Combo'!A$2:$B$500,2, 0), 0) -> 0 | G54: =IFERROR(VLOOKUP(B54, 'HMMTPUMaC NT'!A$2:$B$500,2, 0), 0) -> 422.63487 | H54: =IFERROR(VLOOKUP(B54, 'HMMTPUMaC Algebra'!A$2:$B$500,2, 0), 0) -> 0 | I54: =IFERROR(VLOOKUP(B54, 'HMMTPUMaC Geo'!$A$2:B$1500,2, 0), 0) -> 405.12455
A55: 54 | B55: 2028rzhao | C55: =0.3*LARGE(F55:I55, 1)+0.3*LARGE(F55:I55, 2)+0.1*LARGE(F55:I55, 3)+0.3*E55 -> 248.32783 | D55: =ROUND(C55, 3) -> 248.328 | E55: =IFERROR(VLOOKUP(B55, Proof!A$2:$B$588,2, 0), 0) -> 0 | F55: =IFERROR(VLOOKUP(B55, 'HMMTPUMaC Combo'!A$2:$B$500,2, 0), 0) -> 0 | G55: =IFERROR(VLOOKUP(B55, 'HMMTPUMaC NT'!A$2:$B$500,2, 0), 0) -> 422.63487 | H55: =IFERROR(VLOOKUP(B55, 'HMMTPUMaC Algebra'!A$2:$B$500,2, 0), 0) -> 0 | I55: =IFERROR(VLOOKUP(B55, 'HMMTPUMaC Geo'!$A$2:B$1500,2, 0), 0) -> 405.12455
A56: 55 | B56: 2028mlin | C56: =0.3*LARGE(F56:I56, 1)+0.3*LARGE(F56:I56, 2)+0.1*LARGE(F56:I56, 3)+0.3*E56 -> 242.65267 | D56: =ROUND(C56, 3) -> 242.653 | E56: =IFERROR(VLOOKUP(B56, Proof!A$2:$B$588,2, 0), 0) -> 0 | F56: =IFERROR(VLOOKUP(B56, 'HMMTPUMaC Combo'!A$2:$B$500,2, 0), 0) -> 0 | G56: =IFERROR(VLOOKUP(B56, 'HMMTPUMaC NT'!A$2:$B$500,2, 0), 0) -> 808.84224 | H56: =IFERROR(VLOOKUP(B56, 'HMMTPUMaC Algebra'!A$2:$B$500,2, 0), 0) -> 0 | I56: =IFERROR(VLOOKUP(B56, 'HMMTPUMaC Geo'!$A$2:B$1500,2, 0), 0) -> 0
A57: 56 | B57: 2027spark | C57: =0.3*LARGE(F57:I57, 1)+0.3*LARGE(F57:I57, 2)+0.1*LARGE(F57:I57, 3)+0.3*E57 -> 197.94817 | D57: =ROUND(C57, 3) -> 197.948 | E57: =IFERROR(VLOOKUP(B57, Proof!A$2:$B$588,2, 0), 0) -> 0 | F57: =IFERROR(VLOOKUP(B57, 'HMMTPUMaC Combo'!A$2:$B$500,2, 0), 0) -> 659.82724 | G57: =IFERROR(VLOOKUP(B57, 'HMMTPUMaC NT'!A$2:$B$500,2, 0), 0) -> 0 | H57: =IFERROR(VLOOKUP(B57, 'HMMTPUMaC Algebra'!A$2:$B$500,2, 0), 0) -> 0 | I57: =IFERROR(VLOOKUP(B57, 'HMMTPUMaC Geo'!$A$2:B$1500,2, 0), 0) -> 0
A58: 57 | B58: 2026iharchic | C58: =0.3*LARGE(F58:I58, 1)+0.3*LARGE(F58:I58, 2)+0.1*LARGE(F58:I58, 3)+0.3*E58 -> 197.94817 | D58: =ROUND(C58, 3) -> 197.948 | E58: =IFERROR(VLOOKUP(B58, Proof!A$2:$B$588,2, 0), 0) -> 0 | F58: =IFERROR(VLOOKUP(B58, 'HMMTPUMaC Combo'!A$2:$B$500,2, 0), 0) -> 659.82724 | G58: =IFERROR(VLOOKUP(B58, 'HMMTPUMaC NT'!A$2:$B$500,2, 0), 0) -> 0 | H58: =IFERROR(VLOOKUP(B58, 'HMMTPUMaC Algebra'!A$2:$B$500,2, 0), 0) -> 0 | I58: =IFERROR(VLOOKUP(B58, 'HMMTPUMaC Geo'!$A$2:B$1500,2, 0), 0) -> 0
A59: 58 | B59: 2028che | C59: =0.3*LARGE(F59:I59, 1)+0.3*LARGE(F59:I59, 2)+0.1*LARGE(F59:I59, 3)+0.3*E59 -> 0 | D59: =ROUND(C59, 3) -> 0 | E59: =IFERROR(VLOOKUP(B59, Proof!A$2:$B$588,2, 0), 0) -> 0 | F59: =IFERROR(VLOOKUP(B59, 'HMMTPUMaC Combo'!A$2:$B$500,2, 0), 0) -> 0 | G59: =IFERROR(VLOOKUP(B59, 'HMMTPUMaC NT'!A$2:$B$500,2, 0), 0) -> 0 | H59: =IFERROR(VLOOKUP(B59, 'HMMTPUMaC Algebra'!A$2:$B$500,2, 0), 0) -> 0 | I59: =IFERROR(VLOOKUP(B59, 'HMMTPUMaC Geo'!$A$2:B$1500,2, 0), 0) -> 0
A60: 59 | B60: 2028dsubedi | C60: =0.3*LARGE(F60:I60, 1)+0.3*LARGE(F60:I60, 2)+0.1*LARGE(F60:I60, 3)+0.3*E60 -> 137.13247 | D60: =ROUND(C60, 3) -> 137.132 | E60: =IFERROR(VLOOKUP(B60, Proof!A$2:$B$588,2, 0), 0) -> 0 | F60: =IFERROR(VLOOKUP(B60, 'HMMTPUMaC Combo'!A$2:$B$500,2, 0), 0) -> 457.10823 | G60: =IFERROR(VLOOKUP(B60, 'HMMTPUMaC NT'!A$2:$B$500,2, 0), 0) -> 0 | H60: =IFERROR(VLOOKUP(B60, 'HMMTPUMaC Algebra'!A$2:$B$500,2, 0), 0) -> 0 | I60: =IFERROR(VLOOKUP(B60, 'HMMTPUMaC Geo'!$A$2:B$1500,2, 0), 0) -> 0
A61: 60 | B61: 2028hzhou | C61: =0.3*LARGE(F61:I61, 1)+0.3*LARGE(F61:I61, 2)+0.1*LARGE(F61:I61, 3)+0.3*E61 -> 137.13247 | D61: =ROUND(C61, 3) -> 137.132 | E61: =IFERROR(VLOOKUP(B61, Proof!A$2:$B$588,2, 0), 0) -> 0 | F61: =IFERROR(VLOOKUP(B61, 'HMMTPUMaC Combo'!A$2:$B$500,2, 0), 0) -> 457.10823 | G61: =IFERROR(VLOOKUP(B61, 'HMMTPUMaC NT'!A$2:$B$500,2, 0), 0) -> 0 | H61: =IFERROR(VLOOKUP(B61, 'HMMTPUMaC Algebra'!A$2:$B$500,2, 0), 0) -> 0 | I61: =IFERROR(VLOOKUP(B61, 'HMMTPUMaC Geo'!$A$2:B$1500,2, 0), 0) -> 0
A62: 61 | B62: 2025slin | C62: =0.3*LARGE(F62:I62, 1)+0.3*LARGE(F62:I62, 2)+0.1*LARGE(F62:I62, 3)+0.3*E62 -> 137.13247 | D62: =ROUND(C62, 3) -> 137.132 | E62: =IFERROR(VLOOKUP(B62, Proof!A$2:$B$588,2, 0), 0) -> 0 | F62: =IFERROR(VLOOKUP(B62, 'HMMTPUMaC Combo'!A$2:$B$500,2, 0), 0) -> 457.10823 | G62: =IFERROR(VLOOKUP(B62, 'HMMTPUMaC NT'!A$2:$B$500,2, 0), 0) -> 0 | H62: =IFERROR(VLOOKUP(B62, 'HMMTPUMaC Algebra'!A$2:$B$500,2, 0), 0) -> 0 | I62: =IFERROR(VLOOKUP(B62, 'HMMTPUMaC Geo'!$A$2:B$1500,2, 0), 0) -> 0
